path,domain,type,title,status,version,lines,first_commit,last_commit,code_refs,dead_refs,flag,flag_id,flag_note,review_basis
README.md,Meta & Methodology,Status / phase record,Documentation,,,33,2025-10-31,2026-09-19,0,0,ORANGE,C14,"Lists api/, deployment/, development/ as documentation areas though they contain only .gitkeep; calls stale feature-data-flow-pass2.md canonical and calls the wiki current, despite their documented snapshot limits.",targeted cross-document and/or code-path review
acquisition/acquisition-one-pager-evidence.md,Acquisition & Business,Audit / analysis,acquisition-one-pager-evidence.md,,,18,2026-07-20,2026-07-20,36,0,,,,"inventory, metadata and cited-path checks only"
acquisition/acquisition-one-pager.md,Acquisition & Business,Status / phase record,acquisition-one-pager.md,,,55,2026-07-20,2026-07-20,0,0,,,,"inventory, metadata and cited-path checks only"
acquisition/capability-inventory.csv,Acquisition & Business,Data / asset,capability-inventory.csv,,,0,2026-07-20,2026-08-01,0,0,,,,"inventory, metadata and cited-path checks only"
acquisition/one-pager-review-notes.md,Acquisition & Business,Audit / analysis,one-pager-review-notes.md,,,69,2026-07-20,2026-07-20,0,0,,,,"inventory, metadata and cited-path checks only"
acquisition/one-pager-variants.md,Acquisition & Business,Status / phase record,one-pager-variants.md,,,14,2026-07-20,2026-07-20,0,0,,,,"inventory, metadata and cited-path checks only"
architecture/ADR-OWNERSHIP-COSTS-CONSOLIDATION.md,"Coverage, Risk & Financial Tools",ADR (decision),ADR: Consolidate Ownership Cost Intelligence,Accepted,,74,2026-07-28,2026-07-28,0,0,,,,"inventory, metadata and cited-path checks only"
architecture/ASK_COZY_CONVERSATIONAL_ARCHITECTURE_AUDIT.md,"Ask Cozy, AI Concierge & Agentic Intelligence",Audit / analysis,Ask Cozy Conversational Operating Model & Architecture Audit,,,457,2026-09-11,2026-09-11,7,1,,,,"inventory, metadata and cited-path checks only"
architecture/ASK_COZY_INCREMENTAL_IMPLEMENTATION_PLAN.md,"Ask Cozy, AI Concierge & Agentic Intelligence",Plan,"Ask Cozy — Incremental Implementation Plan (Stage 3, Part B)",,,1259,2026-09-12,2026-09-17,11,0,,,,"inventory, metadata and cited-path checks only"
architecture/ASK_COZY_INLINE_WORKSPACE_SESSION_HANDOFF.md,"Ask Cozy, AI Concierge & Agentic Intelligence",Status / phase record,Ask Cozy Inline Workspace — Session Handoff,,,115,2026-09-18,2026-09-18,6,0,,,,"inventory, metadata and cited-path checks only"
architecture/ASK_COZY_PHASE0_COVERAGE_AUDIT.md,"Ask Cozy, AI Concierge & Agentic Intelligence",Audit / analysis,Ask Cozy Cross-Domain Interaction Rollout — Phase 0 Coverage Audit,"Stage 1 AND Stage 2 both complete — all 77 registered operations classified and traced, 0 `PENDING`.",,422,2026-09-16,2026-09-22,5,0,,,,"inventory, metadata and cited-path checks only"
architecture/ASK_COZY_PHASE1_COMPLETED_REFERENCE_REVERIFICATION.md,"Ask Cozy, AI Concierge & Agentic Intelligence",Audit / analysis,Ask Cozy Cross-Domain Interaction Rollout — Phase 1 Completed-Reference (Maintenance) Re-Verification,Complete.,,90,2026-09-17,2026-09-17,0,0,,,,"inventory, metadata and cited-path checks only"
architecture/ASK_COZY_PHASE3_PHASE7_FINANCIAL_ACCEPTANCE_VERIFICATION.md,"Ask Cozy, AI Concierge & Agentic Intelligence",Audit / analysis,Ask Cozy Cross-Domain Interaction Rollout — Financial and Ownership Acceptance Scenario Verification (Phase 3 + Phase 7),Complete — all 8 acceptance scenarios (F01–F08) evaluated. **F02 and F05 have both since had their g,,138,2026-09-17,2026-09-17,0,0,,,,"inventory, metadata and cited-path checks only"
architecture/ASK_COZY_PHASE4_SELL_HOLD_RENT_UX_COMPLETION_VERIFICATION.md,"Ask Cozy, AI Concierge & Agentic Intelligence",Audit / analysis,Ask Cozy Cross-Domain Interaction Rollout — Phase 4 Sell/Hold/Rent Persistent-Decision UX Completion Verification,"Complete — the 6 scenarios Phase 4's own exit criterion names, evaluated specifically against the se",,99,2026-09-17,2026-09-17,0,0,,,,"inventory, metadata and cited-path checks only"
architecture/ASK_COZY_PHASE5_ATTENTION_ACCEPTANCE_VERIFICATION.md,"Ask Cozy, AI Concierge & Agentic Intelligence",Audit / analysis,Ask Cozy Cross-Domain Interaction Rollout — Phase 5 Read-Only Attention Acceptance Scenario Verification,"Complete — the 6 acceptance scenarios Phase 5 is actually scoped to (T01–T03, T08–T10) evaluated. **",,125,2026-09-17,2026-09-17,0,0,,,,"inventory, metadata and cited-path checks only"
architecture/ASK_COZY_PHASE6_BUYER_ACCEPTANCE_VERIFICATION.md,"Ask Cozy, AI Concierge & Agentic Intelligence",Audit / analysis,Ask Cozy Cross-Domain Interaction Rollout — Phase 6 Buyer Acceptance Scenario Verification,"Complete — all 10 acceptance scenarios (B01–B10) plus the Phase 6 exit criterion's ""no undeclared it",,200,2026-09-17,2026-09-17,2,0,,,,"inventory, metadata and cited-path checks only"
architecture/ASK_COZY_PHASE7_DECISIONS_ACCEPTANCE_VERIFICATION.md,"Ask Cozy, AI Concierge & Agentic Intelligence",Audit / analysis,Ask Cozy Cross-Domain Interaction Rollout — Phase 7 Decisions and Projects Acceptance Scenario Verification,Complete — all 8 acceptance scenarios (D01–D08) evaluated. **D07 revised 2026-09-17 after external r,,148,2026-09-17,2026-09-17,1,0,,,,"inventory, metadata and cited-path checks only"
architecture/ASK_COZY_PHASE8_PROTECTION_ACCEPTANCE_VERIFICATION.md,"Ask Cozy, AI Concierge & Agentic Intelligence",Audit / analysis,Ask Cozy Cross-Domain Interaction Rollout — Phase 8 Protection and Claims Acceptance Scenario Verification,Complete — all 8 acceptance scenarios (P01–P08) evaluated. **Revised 2026-09-17 after external revie,,135,2026-09-17,2026-09-17,0,0,,,,"inventory, metadata and cited-path checks only"
architecture/ASK_COZY_TARGET_PRODUCT_AND_ARCHITECTURE.md,"Ask Cozy, AI Concierge & Agentic Intelligence",Feature reference,Ask Cozy — Target Product & Architecture (Stage 2),,,846,2026-09-11,2026-09-17,1,0,,,,"inventory, metadata and cited-path checks only"
architecture/AUDIT_METHODOLOGY.md,Meta & Methodology,Audit / analysis,Architecture Audit & Gap-Analysis Verification Standard,,,245,2026-09-11,2026-09-12,0,0,,,,"inventory, metadata and cited-path checks only"
architecture/C2C_INTELLIGENCE_AGENTIC_EVOLUTION_ARCHITECTURE.md,"Ask Cozy, AI Concierge & Agentic Intelligence",Feature reference,C2C Intelligence & Agentic Evolution Architecture (Stage 3),Approved target architecture — implementation in progress; owner inputs remain phase-gated where doc,,1659,2026-08-26,2026-08-31,5,0,,,,"inventory, metadata and cited-path checks only"
architecture/C2C_INTELLIGENCE_AGENTIC_EVOLUTION_IMPLEMENTATION_PLAN.md,"Ask Cozy, AI Concierge & Agentic Intelligence",Plan,C2C Intelligence & Agentic Evolution — Implementation Plan,Approved implementation plan — implementation in progress; unresolved owner inputs in §3 remain phas,,571,2026-08-27,2026-08-31,69,1,,,,"inventory, metadata and cited-path checks only"
architecture/GUIDANCE_ENGINE.md,"Guidance, Actions & Home Intelligence",Feature reference,Guidance Engine (Deterministic Resolution Journey),,,690,2026-03-24,2026-03-24,27,1,ORANGE,C3,"Three overlapping Guidance Engine specs (this, FRD_Updated, architecture/GUIDANCE_ENGINE.md); no doc says which governs. Last touched Mar 24-26 (FRD had a Jul 27 touch).",targeted cross-document and/or code-path review
architecture/HOMESCORE_DB_CERTIFICATION_GRADE_PLAN.md,Data Architecture (Pass 1-7),Plan,HomeScore Report: Recommended DB Changes for Certification-Grade Durability and Scale,,,291,2026-03-10,2026-03-10,0,0,YELLOW,H,"Historical snapshot (last changed 2026-03-10, before the Jul 2026 launch-readiness work). Verify against code before use.",git-date heuristic only
architecture/adr-home-event-radar-canonical-pipeline.md,"Property Intelligence, Environment & Event Radar",ADR (decision),ADR — Home Event Radar Canonical Signal Pipeline,,,102,2026-07-26,2026-07-26,0,0,,,,"inventory, metadata and cited-path checks only"
architecture/adr-home-event-radar-insurance-source.md,"Property Intelligence, Environment & Event Radar",ADR (decision),ADR: Home Event Radar Insurance-Market Source,Accepted no-go; category remains unavailable |,,285,2026-07-27,2026-07-27,1,0,,,,"inventory, metadata and cited-path checks only"
architecture/adr-home-event-radar-utility-source.md,"Property Intelligence, Environment & Event Radar",ADR (decision),ADR: Home Event Radar Utility-Outage Source,Accepted; integration and commercial activation pending |,,229,2026-07-27,2026-07-27,0,0,,,,"inventory, metadata and cited-path checks only"
audit-gemini/90-day-roadmap-audit.md,Pre-Launch Audits & Strategy (Mar-Apr 2026),Audit / analysis,SECTION 12 — 90-Day Pre-Launch Roadmap: ContractToCozy (CtC),,,63,2026-04-19,2026-04-19,0,0,ORANGE,C10,"One of ~7 overlapping Apr 18-20 pre-launch plans (audit/ + audit-gemini/); no index says which is canonical. Pre-launch framing is out of date (W7 real-user cutover runbook exists, Jul 2026).",targeted cross-document and/or code-path review
audit-gemini/activation-audit.md,Pre-Launch Audits & Strategy (Mar-Apr 2026),Audit / analysis,SECTION 8 — Activation Audit: ContractToCozy (CtC),,,56,2026-04-19,2026-04-19,0,0,YELLOW,H,"Historical snapshot (last changed 2026-04-19, before the Jul 2026 launch-readiness work). Verify against code before use.",git-date heuristic only
audit-gemini/analytics-measurement-audit.md,Pre-Launch Audits & Strategy (Mar-Apr 2026),Audit / analysis,SECTION 9 — Analytics & Measurement Audit: ContractToCozy (CtC),,,62,2026-04-19,2026-04-19,0,0,YELLOW,H,"Historical snapshot (last changed 2026-04-19, before the Jul 2026 launch-readiness work). Verify against code before use.",git-date heuristic only
audit-gemini/canonical-audit-contract-v3.md,Pre-Launch Audits & Strategy (Mar-Apr 2026),Audit / analysis,Audit Canonical Contract (v3),,,97,2026-04-19,2026-04-19,2,0,YELLOW,H,"Historical snapshot (last changed 2026-04-19, before the Jul 2026 launch-readiness work). Verify against code before use.",git-date heuristic only
audit-gemini/canonical-v3-implementation-plan-2026-04-19.md,Pre-Launch Audits & Strategy (Mar-Apr 2026),Audit / analysis,Canonical v3 Implementation Plan (Audit Findings Closure),,,362,2026-04-19,2026-04-19,23,1,YELLOW,H,"Historical snapshot (last changed 2026-04-19, before the Jul 2026 launch-readiness work). Verify against code before use.",git-date heuristic only
audit-gemini/executive-verdict-audit.md,Pre-Launch Audits & Strategy (Mar-Apr 2026),Audit / analysis,SECTION 13 — Executive Verdict: ContractToCozy (CtC),,,50,2026-04-19,2026-04-19,0,0,YELLOW,H,"Historical snapshot (last changed 2026-04-19, before the Jul 2026 launch-readiness work). Verify against code before use.",git-date heuristic only
audit-gemini/first-impression-audit.md,Pre-Launch Audits & Strategy (Mar-Apr 2026),Audit / analysis,SECTION 2 — First Impression Audit: ContractToCozy (CtC),,,63,2026-04-19,2026-04-19,0,0,YELLOW,H,"Historical snapshot (last changed 2026-04-19, before the Jul 2026 launch-readiness work). Verify against code before use.",git-date heuristic only
audit-gemini/hero-experience-audit.md,Pre-Launch Audits & Strategy (Mar-Apr 2026),Audit / analysis,SECTION 3 — Hero Experience Audit: ContractToCozy (CtC),,,56,2026-04-19,2026-04-19,0,0,YELLOW,H,"Historical snapshot (last changed 2026-04-19, before the Jul 2026 launch-readiness work). Verify against code before use.",git-date heuristic only
audit-gemini/hide-before-launch-audit.md,Pre-Launch Audits & Strategy (Mar-Apr 2026),Audit / analysis,"SECTION 11 — The Great Curation: ""Surface"" vs ""Engine""",,,49,2026-04-19,2026-04-19,0,0,YELLOW,H,"Historical snapshot (last changed 2026-04-19, before the Jul 2026 launch-readiness work). Verify against code before use.",git-date heuristic only
audit-gemini/j-partial-missing-implementation-plan.md,Pre-Launch Audits & Strategy (Mar-Apr 2026),Audit / analysis,J Checklist Implementation Plan (Partial + Missing Items),,,94,2026-04-19,2026-04-20,1,0,YELLOW,H,"Historical snapshot (last changed 2026-04-20, before the Jul 2026 launch-readiness work). Verify against code before use.",git-date heuristic only
audit-gemini/milestone1-rate-limit-contract.md,Pre-Launch Audits & Strategy (Mar-Apr 2026),Audit / analysis,Milestone 1 Rate-Limit Contract (AI + OCR),,,58,2026-04-19,2026-04-19,3,0,YELLOW,H,"Historical snapshot (last changed 2026-04-19, before the Jul 2026 launch-readiness work). Verify against code before use.",git-date heuristic only
audit-gemini/monetization-readiness-audit.md,Pre-Launch Audits & Strategy (Mar-Apr 2026),Audit / analysis,SECTION 10 — Monetization Readiness Audit: ContractToCozy (CtC),,,55,2026-04-19,2026-04-19,0,0,YELLOW,H,"Historical snapshot (last changed 2026-04-19, before the Jul 2026 launch-readiness work). Verify against code before use.",git-date heuristic only
audit-gemini/pre-launch-audit.md,Pre-Launch Audits & Strategy (Mar-Apr 2026),Audit / analysis,Pre-Launch Product Audit: ContractToCozy (CtC),,,54,2026-04-19,2026-04-19,0,0,YELLOW,H,"Historical snapshot (last changed 2026-04-19, before the Jul 2026 launch-readiness work). Verify against code before use.",git-date heuristic only
audit-gemini/product-coherence-audit.md,Pre-Launch Audits & Strategy (Mar-Apr 2026),Audit / analysis,"SECTION 5 — Product Coherence: The ""Home Command Center""",,,58,2026-04-19,2026-04-19,0,0,YELLOW,H,"Historical snapshot (last changed 2026-04-19, before the Jul 2026 launch-readiness work). Verify against code before use.",git-date heuristic only
audit-gemini/product-surface-audit.md,Pre-Launch Audits & Strategy (Mar-Apr 2026),Audit / analysis,SECTION 1 — Product Surface Audit: The Engine-to-Outcome Mapping,,,83,2026-04-19,2026-04-19,0,0,YELLOW,H,"Historical snapshot (last changed 2026-04-19, before the Jul 2026 launch-readiness work). Verify against code before use.",git-date heuristic only
audit-gemini/reliability-hardening-audit.md,Pre-Launch Audits & Strategy (Mar-Apr 2026),Audit / analysis,SECTION 7 — Reliability / Hardening Audit: ContractToCozy (CtC),,,47,2026-04-19,2026-04-19,0,0,YELLOW,H,"Historical snapshot (last changed 2026-04-19, before the Jul 2026 launch-readiness work). Verify against code before use.",git-date heuristic only
audit-gemini/sprint2-empty-state-audit.md,Pre-Launch Audits & Strategy (Mar-Apr 2026),Audit / analysis,Sprint 2 Empty-State Audit,,,29,2026-04-20,2026-04-20,0,0,YELLOW,H,"Historical snapshot (last changed 2026-04-20, before the Jul 2026 launch-readiness work). Verify against code before use.",git-date heuristic only
audit-gemini/sprint3-external-user-testing-report.md,Pre-Launch Audits & Strategy (Mar-Apr 2026),Audit / analysis,Sprint 3 External User Testing Report,,,46,2026-04-20,2026-04-20,0,0,YELLOW,H,"Historical snapshot (last changed 2026-04-20, before the Jul 2026 launch-readiness work). Verify against code before use.",git-date heuristic only
audit-gemini/sprint3-final-cta-traversal-report.md,Pre-Launch Audits & Strategy (Mar-Apr 2026),Audit / analysis,Sprint 3 Final CTA Traversal Report,,,14,2026-04-20,2026-04-20,0,0,YELLOW,H,"Historical snapshot (last changed 2026-04-20, before the Jul 2026 launch-readiness work). Verify against code before use.",git-date heuristic only
audit-gemini/sprint3-implementation-status.md,Pre-Launch Audits & Strategy (Mar-Apr 2026),Audit / analysis,Sprint 3 Implementation Status,,,22,2026-04-20,2026-04-20,0,0,YELLOW,H,"Historical snapshot (last changed 2026-04-20, before the Jul 2026 launch-readiness work). Verify against code before use.",git-date heuristic only
audit-gemini/sprint3-mobile-qa-matrix.md,Pre-Launch Audits & Strategy (Mar-Apr 2026),Audit / analysis,Sprint 3 Mobile QA Matrix,,,33,2026-04-20,2026-09-09,0,0,,,,"inventory, metadata and cited-path checks only"
audit-gemini/sprint3-provider-smoke-report.md,Pre-Launch Audits & Strategy (Mar-Apr 2026),Runbook / ops,Sprint 3 Provider Portal Smoke Report,PASS,,21,2026-04-20,2026-04-20,0,0,YELLOW,H,"Historical snapshot (last changed 2026-04-20, before the Jul 2026 launch-readiness work). Verify against code before use.",git-date heuristic only
audit-gemini/strategic-transformation-plan.md,Pre-Launch Audits & Strategy (Mar-Apr 2026),Audit / analysis,ContractToCozy — Strategic Transformation Plan,,,1133,2026-04-19,2026-04-19,1,0,ORANGE,C10,"One of ~7 overlapping Apr 18-20 pre-launch plans (audit/ + audit-gemini/); no index says which is canonical. Pre-launch framing is out of date (W7 real-user cutover runbook exists, Jul 2026).",targeted cross-document and/or code-path review
audit-gemini/trust-credibility-audit.md,Pre-Launch Audits & Strategy (Mar-Apr 2026),Audit / analysis,SECTION 6 — Trust & Credibility Audit: ContractToCozy (CtC),,,59,2026-04-19,2026-04-19,0,0,YELLOW,H,"Historical snapshot (last changed 2026-04-19, before the Jul 2026 launch-readiness work). Verify against code before use.",git-date heuristic only
audit-gemini/ux-premium-readiness-audit.md,Pre-Launch Audits & Strategy (Mar-Apr 2026),Audit / analysis,SECTION 4 — UX / Premium Readiness Audit: ContractToCozy (CtC),,,53,2026-04-19,2026-04-19,0,0,YELLOW,H,"Historical snapshot (last changed 2026-04-19, before the Jul 2026 launch-readiness work). Verify against code before use.",git-date heuristic only
audit/contracttocozy-90-day-execution-plan-2026-04-18.md,Pre-Launch Audits & Strategy (Mar-Apr 2026),Audit / analysis,ContractToCozy 90-Day Execution Plan,,,271,2026-04-18,2026-09-24,0,0,RED,C10,The v2 sibling explicitly supersedes this v1 in its header. Retain only if historical comparison is needed.,targeted cross-document and/or code-path review
audit/contracttocozy-90-day-execution-plan-v2-2026-04-18.md,Pre-Launch Audits & Strategy (Mar-Apr 2026),Audit / analysis,ContractToCozy 90-Day Execution Plan — v2,,,389,2026-04-18,2026-04-19,0,0,ORANGE,C10,"One of ~7 overlapping Apr 18-20 pre-launch plans (audit/ + audit-gemini/); no index says which is canonical. Pre-launch framing is out of date (W7 real-user cutover runbook exists, Jul 2026).",targeted cross-document and/or code-path review
audit/contracttocozy-implementation-plan-2026-04-18.md,Pre-Launch Audits & Strategy (Mar-Apr 2026),Audit / analysis,ContractToCozy — Pre-Launch Implementation Plan,,,191,2026-04-18,2026-04-19,0,0,ORANGE,C10,"One of ~7 overlapping Apr 18-20 pre-launch plans (audit/ + audit-gemini/); no index says which is canonical. Pre-launch framing is out of date (W7 real-user cutover runbook exists, Jul 2026).",targeted cross-document and/or code-path review
audit/contracttocozy-pre-launch-execution-plan-2026-04-18.md,Pre-Launch Audits & Strategy (Mar-Apr 2026),Audit / analysis,ContractToCozy Pre-Launch Execution Plan,,,429,2026-04-18,2026-04-19,0,0,ORANGE,C10,"One of ~7 overlapping Apr 18-20 pre-launch plans (audit/ + audit-gemini/); no index says which is canonical. Pre-launch framing is out of date (W7 real-user cutover runbook exists, Jul 2026).",targeted cross-document and/or code-path review
audit/contracttocozy-pre-launch-hardening-plan-2026-04-18.md,Pre-Launch Audits & Strategy (Mar-Apr 2026),Audit / analysis,ContractToCozy Pre-Launch Hardening Plan,,,433,2026-04-18,2026-04-19,0,0,ORANGE,C10,"One of ~7 overlapping Apr 18-20 pre-launch plans (audit/ + audit-gemini/); no index says which is canonical. Pre-launch framing is out of date (W7 real-user cutover runbook exists, Jul 2026).",targeted cross-document and/or code-path review
audit/contracttocozy-route-merge-map-2026-04-18.csv,Pre-Launch Audits & Strategy (Mar-Apr 2026),Data / asset,contracttocozy-route-merge-map-2026-04-18.csv,,,0,2026-04-18,2026-04-18,0,0,,,,"inventory, metadata and cited-path checks only"
audit/contracttocozy-route-merge-map-2026-04-18.md,Pre-Launch Audits & Strategy (Mar-Apr 2026),Audit / analysis,ContractToCozy Route Merge Map (Old -> Canonical),,,161,2026-04-18,2026-04-18,0,0,YELLOW,H,"Historical snapshot (last changed 2026-04-18, before the Jul 2026 launch-readiness work). Verify against code before use.",git-date heuristic only
audit/contracttocozy-route-merge-map-p0-safe-2026-04-18.md,Pre-Launch Audits & Strategy (Mar-Apr 2026),Audit / analysis,ContractToCozy Revised P0-Safe Merge Table (Drop-in Replacement),Ready for engineering implementation.,,42,2026-04-18,2026-04-18,0,0,YELLOW,H,"Historical snapshot (last changed 2026-04-18, before the Jul 2026 launch-readiness work). Verify against code before use.",git-date heuristic only
audit/contracttocozy-strategic-audit-2026-04-18.md,Pre-Launch Audits & Strategy (Mar-Apr 2026),Audit / analysis,ContractToCozy (CtC) Strategic Product Audit,,,485,2026-04-18,2026-09-24,0,0,RED,C10,The v2 sibling explicitly supersedes this v1 in its header. Retain only if historical comparison is needed.,targeted cross-document and/or code-path review
audit/contracttocozy-strategic-audit-v2-2026-04-18.md,Pre-Launch Audits & Strategy (Mar-Apr 2026),Audit / analysis,ContractToCozy (CtC) Strategic Product Audit — v2,,,566,2026-04-18,2026-04-19,0,0,ORANGE,C10,"One of ~7 overlapping Apr 18-20 pre-launch plans (audit/ + audit-gemini/); no index says which is canonical. Pre-launch framing is out of date (W7 real-user cutover runbook exists, Jul 2026).",targeted cross-document and/or code-path review
audit/sprint1-gap-register-2026-04-18.md,Pre-Launch Audits & Strategy (Mar-Apr 2026),Audit / analysis,Sprint 1 — Gap Register,,,178,2026-04-18,2026-04-19,0,0,YELLOW,H,"Historical snapshot (last changed 2026-04-19, before the Jul 2026 launch-readiness work). Verify against code before use.",git-date heuristic only
audits/AGENTIC_READINESS_AUDIT.md,"Ask Cozy, AI Concierge & Agentic Intelligence",Audit / analysis,ContractToCozy Agentic Readiness Audit,,,568,2026-08-25,2026-08-26,2,0,,,,"inventory, metadata and cited-path checks only"
audits/CONTRACTTOCOZY_INTELLIGENCE_READINESS_AUDIT.md,"Ask Cozy, AI Concierge & Agentic Intelligence",Audit / analysis,ContractToCozy Intelligence Readiness Audit,,,786,2026-08-22,2026-08-23,20,0,,,,"inventory, metadata and cited-path checks only"
audits/PROPERTY_SETUP_CURRENT_STATE_AUDIT.md,Property Context & Property Setup,Audit / analysis,Property Setup Current-State Audit,,,740,2026-09-06,2026-09-09,38,2,,,,"inventory, metadata and cited-path checks only"
audits/PWA_LAYER_AUDIT.md,"Admin, Workers & Operations",Audit / analysis,PWA Layer Audit,,,728,2026-09-08,2026-09-09,25,1,,,,"inventory, metadata and cited-path checks only"
audits/signal-action-audit.json,Pre-Launch Audits & Strategy (Mar-Apr 2026),Data / asset,signal-action-audit.json,,,0,2026-03-17,2026-03-18,0,0,,,,"inventory, metadata and cited-path checks only"
audits/signal-action-audit.md,Pre-Launch Audits & Strategy (Mar-Apr 2026),Audit / analysis,Signal & Action Audit (Final Hardened) — v3.0,,3.0,341,2026-03-17,2026-03-18,0,0,YELLOW,H,"Historical snapshot (last changed 2026-03-18, before the Jul 2026 launch-readiness work). Verify against code before use.",git-date heuristic only
audits/signal-action-taxonomy.md,Pre-Launch Audits & Strategy (Mar-Apr 2026),Audit / analysis,Signal & Action Taxonomy Reference — v3.0,,3.0,409,2026-03-18,2026-03-18,0,0,YELLOW,H,"Historical snapshot (last changed 2026-03-18, before the Jul 2026 launch-readiness work). Verify against code before use.",git-date heuristic only
audits/ui-audit/route-audit-tracker.md,Pre-Launch Audits & Strategy (Mar-Apr 2026),Audit / analysis,route-audit-tracker.md,,,247,2026-04-12,2026-04-12,0,0,YELLOW,H,"Historical snapshot (last changed 2026-04-12, before the Jul 2026 launch-readiness work). Verify against code before use.",git-date heuristic only
audits/ui-audit/route-audit_implementation-plan.md,Pre-Launch Audits & Strategy (Mar-Apr 2026),Audit / analysis,route-audit_implementation-plan.md,,,168,2026-04-12,2026-04-12,0,0,YELLOW,H,"Historical snapshot (last changed 2026-04-12, before the Jul 2026 launch-readiness work). Verify against code before use.",git-date heuristic only
audits/ui-audit/route-audit_system.md,Pre-Launch Audits & Strategy (Mar-Apr 2026),Audit / analysis,route-audit_system.md,,,463,2026-04-12,2026-04-12,0,0,YELLOW,H,"Historical snapshot (last changed 2026-04-12, before the Jul 2026 launch-readiness work). Verify against code before use.",git-date heuristic only
audits/ui-audit/scorecards/buyer-readiness-trend.v1.json,Pre-Launch Audits & Strategy (Mar-Apr 2026),Data / asset,buyer-readiness-trend.v1.json,,,0,2026-04-13,2026-04-13,0,0,,,,"inventory, metadata and cited-path checks only"
audits/ui-audit/scorecards/buyer-readiness-trend.v1.md,Pre-Launch Audits & Strategy (Mar-Apr 2026),Audit / analysis,Buyer-Readiness Trend Scorecard (Track 3),,,61,2026-04-13,2026-04-13,0,0,YELLOW,H,"Historical snapshot (last changed 2026-04-13, before the Jul 2026 launch-readiness work). Verify against code before use.",git-date heuristic only
audits/ui-audit/tracker/README.md,Pre-Launch Audits & Strategy (Mar-Apr 2026),Audit / analysis,CtC Route Audit Tracker (Track 1),,,29,2026-04-12,2026-04-13,3,0,YELLOW,H,"Historical snapshot (last changed 2026-04-13, before the Jul 2026 launch-readiness work). Verify against code before use.",git-date heuristic only
audits/ui-audit/tracker/p0-p1-route-inventory.v1.json,Pre-Launch Audits & Strategy (Mar-Apr 2026),Data / asset,p0-p1-route-inventory.v1.json,,,0,2026-04-12,2026-04-12,0,0,,,,"inventory, metadata and cited-path checks only"
audits/ui-audit/tracker/repeated-issue-taxonomy.v1.json,Pre-Launch Audits & Strategy (Mar-Apr 2026),Data / asset,repeated-issue-taxonomy.v1.json,,,0,2026-04-12,2026-04-12,0,0,,,,"inventory, metadata and cited-path checks only"
audits/ui-audit/tracker/route-audit-tracker.v1.json,Pre-Launch Audits & Strategy (Mar-Apr 2026),Data / asset,route-audit-tracker.v1.json,,,0,2026-04-12,2026-04-13,0,0,,,,"inventory, metadata and cited-path checks only"
audits/ui-audit/whole-app_ui-audit.md,Pre-Launch Audits & Strategy (Mar-Apr 2026),Audit / analysis,whole-app_ui-audit.md,,,342,2026-04-12,2026-04-12,0,0,YELLOW,H,"Historical snapshot (last changed 2026-04-12, before the Jul 2026 launch-readiness work). Verify against code before use.",git-date heuristic only
ctc-unified-data-architecture-pass7.md,Data Architecture (Pass 1-7),Feature reference,PASS 7 - CtC Unified Data Architecture Design (Grounded),,,282,2026-03-27,2026-03-27,0,0,YELLOW,H,"Historical snapshot (last changed 2026-03-27, before the Jul 2026 launch-readiness work). Verify against code before use.",git-date heuristic only
dashboard-next-best-move-changes.md,"Guidance, Actions & Home Intelligence",Feature reference,Dashboard — Next Best Move: Changes Reference,,,346,2026-05-04,2026-05-04,7,2,,,,"inventory, metadata and cited-path checks only"
data-capture-mapping-pass3.md,Data Architecture (Pass 1-7),Feature reference,PASS 3 - Data Capture Mapping,,,85,2026-03-27,2026-03-27,4,0,YELLOW,H,"Historical snapshot (last changed 2026-03-27, before the Jul 2026 launch-readiness work). Verify against code before use.",git-date heuristic only
data-reuse-synthesis-pass5.md,Data Architecture (Pass 1-7),Feature reference,PASS 5 - Data Reuse and System Synthesis,,,98,2026-03-27,2026-03-27,0,0,YELLOW,H,"Historical snapshot (last changed 2026-03-27, before the Jul 2026 launch-readiness work). Verify against code before use.",git-date heuristic only
feature-data-flow-pass2.md,Data Architecture (Pass 1-7),Feature reference,PASS 2 — Feature Data Flow Mapping,,,475,2026-03-27,2026-07-24,73,9,ORANGE,C17,"Pass docs are Mar 27 snapshots; this one was touched Jul 24 but still cites 9 missing files (homeRiskReplay service/controller/validators, orchestrationCompletion controller).",targeted cross-document and/or code-path review
functional/ADMIN_ANALYTICS.md,"Admin, Workers & Operations",Feature reference,ADMIN_ANALYTICS.md,,,531,2026-03-16,2026-03-16,0,0,YELLOW,H,"Historical snapshot (last changed 2026-03-16, before the Jul 2026 launch-readiness work). Verify against code before use.",git-date heuristic only
functional/ADMIN_MODULE_FRD.md,"Admin, Workers & Operations",Requirements (FRD/PRD),Contract-to-Cozy ADMIN Platform — Functional Requirements Document,"Target-state FRD — partially implemented, phased delivery required",2.0,1719,2026-07-09,2026-07-18,74,0,,,,"inventory, metadata and cited-path checks only"
functional/AI_CARDS_SUMMARY.md,"Ask Cozy, AI Concierge & Agentic Intelligence",Feature reference,AI Features - Implementation Summary,,,331,2026-01-03,2026-09-24,1,0,RED,C1,Retired historical four-card inventory; superseded by AI_CARDS_SUMMARY_UPDATED.md. The successor is also stale as a current inventory (C18).,targeted cross-document and/or code-path review
functional/AI_CARDS_SUMMARY_UPDATED.md,"Ask Cozy, AI Concierge & Agentic Intelligence",Feature reference,AI Features - Implementation Summary,,,506,2026-01-03,2026-07-28,0,0,ORANGE,C18,"Not a current feature inventory: still lists Climate Risk Predictor as a working AI feature, but climateRisk.routes.ts returns 410 CLIMATE_RISK_RETIRED.",targeted cross-document and/or code-path review
functional/AI_HOME_DECISION_TOOLS.md,"Ask Cozy, AI Concierge & Agentic Intelligence",Feature reference,AI_HOME_DECISION_TOOLS.md,,,613,2026-02-16,2026-02-16,0,0,YELLOW,H,"Historical snapshot (last changed 2026-02-16, before the Jul 2026 launch-readiness work). Verify against code before use.",git-date heuristic only
functional/AI_ROOM_SCAN.md,"Ask Cozy, AI Concierge & Agentic Intelligence",Feature reference,Functional Requirements Document (FRD),,,649,2026-01-25,2026-01-28,0,0,YELLOW,H,"Historical snapshot (last changed 2026-01-28, before the Jul 2026 launch-readiness work). Verify against code before use.",git-date heuristic only
functional/CLAIMS_ASSISTANCE.md,"Coverage, Risk & Financial Tools",Feature reference,CLAIMS_ASSISTANCE.md,"Backend + Frontend MVP complete, extensible foundation",,638,2026-01-07,2026-01-07,0,0,YELLOW,H,"Historical snapshot (last changed 2026-01-07, before the Jul 2026 launch-readiness work). Verify against code before use.",git-date heuristic only
functional/CLAIMS_ASSISTANCE_PRD.md,"Coverage, Risk & Financial Tools",Requirements (FRD/PRD),CLAIMS_ASSISTANCE_PRD.md,,,471,2026-01-07,2026-01-07,0,0,YELLOW,H,"Historical snapshot (last changed 2026-01-07, before the Jul 2026 launch-readiness work). Verify against code before use.",git-date heuristic only
functional/CORRECTED_USER_HOMEOWNER_ANALYSIS.md,Property Context & Property Setup,Feature reference,CORRECTED ANALYSIS: User & HomeownerProfile Tables,,,431,2026-01-03,2026-01-03,0,0,YELLOW,C12,"Jan 3 2026 one-off analysis; never updated. Cites pages that no longer exist ((dashboard)/checklist, /maintenance, /action-center, HomeBuyerDashboard). ""CORRECTED_"" implies an earlier wrong version that is not in the repo.",targeted cross-document and/or code-path review
functional/DECISION_TRACE_LITE.md,"Guidance, Actions & Home Intelligence",Feature reference,DECISION_TRACE_LITE.md,,,492,2026-01-13,2026-01-14,0,0,YELLOW,H,"Historical snapshot (last changed 2026-01-14, before the Jul 2026 launch-readiness work). Verify against code before use.",git-date heuristic only
functional/DETERMINISTIC_NEXT_STEPS_FINDINGS.md,"Guidance, Actions & Home Intelligence",Audit / analysis,Deterministic Next Steps Findings,,,242,2026-03-24,2026-03-24,0,0,YELLOW,H,"Historical snapshot (last changed 2026-03-24, before the Jul 2026 launch-readiness work). Verify against code before use.",git-date heuristic only
functional/DIY_PROJECT_CENTER.md,"Providers, Pricing & Renovation Execution",Feature reference,DIY Project Center,,,1711,2026-06-27,2026-06-27,30,1,,,,"inventory, metadata and cited-path checks only"
functional/Deterministic_Resolution_Journeys_Logic_Document.docx,"Guidance, Actions & Home Intelligence",Data / asset,Deterministic_Resolution_Journeys_Logic_Document.docx,,,0,2026-03-25,2026-03-25,0,0,,,,"inventory, metadata and cited-path checks only"
functional/ENVIRONMENT_REPORT_FRD.md,"Property Intelligence, Environment & Event Radar",Requirements (FRD/PRD),Environment Report — Functional Requirements Document,"Implemented, including property-aware preparation and governed long-term hazard context",1.4,1430,2026-07-12,2026-09-03,26,0,,,,"inventory, metadata and cited-path checks only"
functional/ES_HOME_TIMELINE.md,"Home Records, Maintenance & Digital Twin",Feature reference,Executive Summary — Home Timeline,,,88,2026-01-16,2026-01-16,0,0,YELLOW,H,"Historical snapshot (last changed 2026-01-16, before the Jul 2026 launch-readiness work). Verify against code before use.",git-date heuristic only
functional/EXHAUSTIVE_SYSTEM_AUDIT.md,Pre-Launch Audits & Strategy (Mar-Apr 2026),Audit / analysis,EXHAUSTIVE SYSTEM AUDIT - Option B Implementation,,,1285,2026-01-03,2026-01-03,12,6,YELLOW,C12,"Jan 3 2026 one-off analysis; never updated. Cites pages that no longer exist ((dashboard)/checklist, /maintenance, /action-center, HomeBuyerDashboard). ""CORRECTED_"" implies an earlier wrong version that is not in the repo.",targeted cross-document and/or code-path review
functional/FINAL_IMPLEMENTATION_PLAN.md,Pre-Launch Audits & Strategy (Mar-Apr 2026),Plan,OPTION B IMPLEMENTATION PLAN - CLEAN SLATE DEPLOYMENT,,1.0,1515,2026-01-03,2026-01-03,20,5,YELLOW,C12,"Jan 3 2026 one-off analysis; never updated. Cites pages that no longer exist ((dashboard)/checklist, /maintenance, /action-center, HomeBuyerDashboard). ""CORRECTED_"" implies an earlier wrong version that is not in the repo.",targeted cross-document and/or code-path review
functional/GUIDANCE_ENGINE_FRD.md,"Guidance, Actions & Home Intelligence",Requirements (FRD/PRD),Guidance Engine — Functional Requirements Document,Living Document — reflects current implementation; resolved gaps removed as of v2.1,2.1,998,2026-03-25,2026-07-27,0,0,ORANGE,C3,"Three overlapping Guidance Engine specs (this, FRD_Updated, architecture/GUIDANCE_ENGINE.md); no doc says which governs. Last touched Mar 24-26 (FRD had a Jul 27 touch).",targeted cross-document and/or code-path review
functional/GUIDANCE_ENGINE_FRD_Updated.md,"Guidance, Actions & Home Intelligence",Requirements (FRD/PRD),GUIDANCE_ENGINE_FRD_Updated.md,Ready for Implementation,1.0,94,2026-03-31,2026-03-31,0,0,RED,C3,"A distinct user-initiated resolution FRD despite the ""Updated"" name. Manual journey route exists, but TR-01 names initiatedByUser, targetAssetId, and integer templateVersion while schema uses isUserInitiated, scopeId, and string templateVersion. FR-02/TR-01 are PARTIAL in requirement_status.csv.",targeted cross-document and/or code-path review
functional/GUIDANCE_ENGINE_HOMEOWNER_CTA_AUDIT_FRD.md,"Guidance, Actions & Home Intelligence",Requirements (FRD/PRD),Guidance Engine Homeowner CTA Audit FRD,Audit-only (no implementation changes),1.1,260,2026-03-28,2026-07-28,0,0,,,,"inventory, metadata and cited-path checks only"
functional/GUIDANCE_OVERVIEW_INLINE_PLAN.md,"Guidance, Actions & Home Intelligence",Plan,Guidance Overview — Inline Step Actions Plan,,,182,2026-04-10,2026-04-10,0,0,YELLOW,H,"Historical snapshot (last changed 2026-04-10, before the Jul 2026 launch-readiness work). Verify against code before use.",git-date heuristic only
functional/HIDDEN_ASSET_FINDER.md,"Coverage, Risk & Financial Tools",Feature reference,Hidden Asset Finder,,,1122,2026-03-14,2026-07-28,8,3,ORANGE,C15,Route exists in code but many cited frontend/worker files do not (14/24 and 3/8): implementation moved or partial. Verify before relying on file-level detail.,targeted cross-document and/or code-path review
functional/HOME_DIGITAL_TWIN.md,"Home Records, Maintenance & Digital Twin",Feature reference,Contract-to-Cozy,"P0–P2 implementation complete as of July 28, 2026. Section 7",,352,2026-03-15,2026-07-28,0,0,,,,"inventory, metadata and cited-path checks only"
functional/HOME_DIGITAL_WILL.md,"Buying, Selling & Life Transitions",Feature reference,Home Digital Will,,,819,2026-03-14,2026-03-14,0,0,YELLOW,H,"Historical snapshot (last changed 2026-03-14, before the Jul 2026 launch-readiness work). Verify against code before use.",git-date heuristic only
functional/HOME_EVENT_RADAR.md,"Property Intelligence, Environment & Event Radar",Feature reference,Home Event Radar,,,1297,2026-03-14,2026-08-06,41,2,,,,"inventory, metadata and cited-path checks only"
functional/HOME_EVENT_RADAR_FRD.md,"Property Intelligence, Environment & Event Radar",Requirements (FRD/PRD),Home Event Radar — Functional Requirements Document,Proposed |,1.0,1673,2026-07-26,2026-07-27,0,0,ORANGE,C4,"Status still ""Proposed"" while the Implementation Plan says ""In progress - launch acceptance implemented"" and 2 of the 3 Home Event Radar ADRs are Accepted.",targeted cross-document and/or code-path review
functional/HOME_EVENT_RADAR_IMPLEMENTATION_PLAN.md,"Property Intelligence, Environment & Event Radar",Plan,Home Event Radar — Comprehensive Implementation Plan,In progress — launch acceptance and observability baseline implemented |,1.0,2388,2026-07-26,2026-07-27,4,0,,,,"inventory, metadata and cited-path checks only"
functional/HOME_GAZETTE.md,"Property Intelligence, Environment & Event Radar",Feature reference,Home Briefing,,,168,2026-03-17,2026-07-30,0,0,,,,"inventory, metadata and cited-path checks only"
functional/HOME_IMPROVEMENT_FINANCING.md,"Coverage, Risk & Financial Tools",Feature reference,Home Improvement Financing Center,,,833,2026-06-27,2026-06-27,20,1,,,,"inventory, metadata and cited-path checks only"
functional/HOME_RENOVATION_RISK_ADVISOR.md,"Providers, Pricing & Renovation Execution",Feature reference,Renovation Workspace and Requirements Advisor,Production,1.0.0,950,2026-03-16,2026-07-29,4,0,,,,"inventory, metadata and cited-path checks only"
functional/HOME_RESERVE_FUND_PLANNER_FRD.md,"Coverage, Risk & Financial Tools",Requirements (FRD/PRD),Home Reserve / Sinking Fund Planner — Functional Requirements Document,,,512,2026-07-07,2026-07-07,18,3,ORANGE,C20,"Core reserve-fund route, page and schema exist, but three cited paths are missing (including the by-design workers Prisma path); verify file-level architecture before implementation.",targeted cross-document and/or code-path review
functional/HOME_RISK_REPLAY.md,"Property Intelligence, Environment & Event Radar",Feature reference,Past Hazard Exposure,,,1194,2026-03-13,2026-07-30,4,4,ORANGE,C15,"Top banner (2026-07-30) says the feature is now ""Past Hazard Exposure""; the 1,194-line body still describes the old design and all 4 cited worker provider files are gone. Banner-only reconciliation.",targeted cross-document and/or code-path review
functional/HOME_TIMELINE.md,"Home Records, Maintenance & Digital Twin",Feature reference,Functional Requirements Document (FRD),,,255,2026-01-16,2026-01-16,0,0,YELLOW,H,"Historical snapshot (last changed 2026-01-16, before the Jul 2026 launch-readiness work). Verify against code before use.",git-date heuristic only
functional/HOME_TOOLS.md,"Home Records, Maintenance & Digital Twin",Feature reference,Home Tools — Functional Requirements Document (FRD),,1.1,632,2026-01-17,2026-07-28,0,0,,,,"inventory, metadata and cited-path checks only"
functional/HOUSEHOLD_COLLABORATION.md,"Home Records, Maintenance & Digital Twin",Feature reference,Household Collaboration Layer,,,625,2026-06-27,2026-06-27,18,1,,,,"inventory, metadata and cited-path checks only"
functional/INSPECTION_REPORT_INTELLIGENCE.md,"Home Records, Maintenance & Digital Twin",Status / phase record,Inspection Report Intelligence,,,459,2026-06-28,2026-06-28,0,0,,,,"inventory, metadata and cited-path checks only"
functional/INTELLIGENCE_LAYERS.md,"Guidance, Actions & Home Intelligence",Feature reference,INTELLIGENCE_LAYERS.md,,,95,2026-02-21,2026-02-22,0,0,YELLOW,H,"Historical snapshot (last changed 2026-02-22, before the Jul 2026 launch-readiness work). Verify against code before use.",git-date heuristic only
functional/INVENTORY_AND_COVERAGE.md,"Coverage, Risk & Financial Tools",Status / phase record,ContractToCozy — Living Home Record and Coverage Intelligence,Implemented beta contract,,114,2026-01-05,2026-07-23,0,0,,,,"inventory, metadata and cited-path checks only"
functional/KNOWLEDGE_HUB.md,"Property Intelligence, Environment & Event Radar",Feature reference,Knowledge Hub,,,880,2026-03-14,2026-07-30,0,0,,,,"inventory, metadata and cited-path checks only"
functional/LIVE_PROJECT_EXECUTION_TRACKER.md,"Providers, Pricing & Renovation Execution",Status / phase record,Live Project Execution Tracker,,,604,2026-06-28,2026-06-28,0,0,,,,"inventory, metadata and cited-path checks only"
functional/MATERIAL_SPEC_REGISTRY.md,"Home Records, Maintenance & Digital Twin",Status / phase record,Home Material Specification Registry,,,708,2026-06-27,2026-06-27,24,14,ORANGE,C15,Route exists in code but many cited frontend/worker files do not (14/24 and 3/8): implementation moved or partial. Verify before relying on file-level detail.,targeted cross-document and/or code-path review
functional/NEGOTIATION_SHIELD.md,"Providers, Pricing & Renovation Execution",Feature reference,Negotiation Shield,,,608,2026-03-13,2026-03-13,25,0,YELLOW,H,"Historical snapshot (last changed 2026-03-13, before the Jul 2026 launch-readiness work). Verify against code before use.",git-date heuristic only
functional/NEIGHBORHOOD_CHANGE_RADAR.md,"Property Intelligence, Environment & Event Radar",Feature reference,Around Your Home,,,109,2026-03-15,2026-07-31,0,0,,,,"inventory, metadata and cited-path checks only"
functional/NYC_ZAP_PROPERTY_INTELLIGENCE_PROVIDER.md,"Property Intelligence, Environment & Event Radar",Feature reference,NYC ZAP Property Intelligence Provider,,,104,2026-07-31,2026-07-31,0,0,,,,"inventory, metadata and cited-path checks only"
functional/PERMIT_HISTORY_TRACKER.md,"Home Records, Maintenance & Digital Twin",Status / phase record,Permit History & Unpermitted Work Tracker,,,1210,2026-06-27,2026-06-27,33,2,,,,"inventory, metadata and cited-path checks only"
functional/PRODUCTION_GAP_IMPLEMENTATION_PLAN_2026.md,Pre-Launch Audits & Strategy (Mar-Apr 2026),Audit / analysis,Contract to Cozy - Production Gap Implementation Plan (2026),,,241,2026-03-29,2026-03-29,0,0,YELLOW,H,"Historical snapshot (last changed 2026-03-29, before the Jul 2026 launch-readiness work). Verify against code before use.",git-date heuristic only
functional/PRODUCTION_READINESS_AUDIT_2026.md,Pre-Launch Audits & Strategy (Mar-Apr 2026),Audit / analysis,Contract to Cozy — Production Readiness Audit,,,1204,2026-03-29,2026-03-29,36,3,YELLOW,H,"Historical snapshot (last changed 2026-03-29, before the Jul 2026 launch-readiness work). Verify against code before use.",git-date heuristic only
functional/PROPERTY_BRIEF.md,"Property Intelligence, Environment & Event Radar",Feature reference,Property Brief Functional Contract,Slice 8 governed-sharing foundation,,90,2026-07-30,2026-07-30,0,0,,,,"inventory, metadata and cited-path checks only"
functional/PROPERTY_ENHANCEMENT_ANALYSIS.md,Property Context & Property Setup,Feature reference,🏡 Property Onboarding Enhancement - Complete Analysis,,,1173,2026-01-03,2026-01-03,11,4,YELLOW,C12,"Jan 3 2026 one-off analysis; never updated. Cites pages that no longer exist ((dashboard)/checklist, /maintenance, /action-center, HomeBuyerDashboard). ""CORRECTED_"" implies an earlier wrong version that is not in the repo.",targeted cross-document and/or code-path review
functional/PROPERTY_INTELLIGENCE_LAUNCH_GOVERNANCE.md,"Property Intelligence, Environment & Event Radar",Status / phase record,Property Intelligence Launch Governance,,,163,2026-07-30,2026-07-31,0,0,,,,"inventory, metadata and cited-path checks only"
functional/PROPERTY_INTELLIGENCE_LEGACY_RETIREMENT.md,"Property Intelligence, Environment & Event Radar",Feature reference,Property Intelligence Legacy Retirement,,,62,2026-07-30,2026-07-30,0,0,,,,"inventory, metadata and cited-path checks only"
functional/PROPERTY_INTELLIGENCE_UNIFIED_EXPERIENCE.md,"Property Intelligence, Environment & Event Radar",Feature reference,Property Intelligence Unified Experience,,,96,2026-07-30,2026-07-30,0,0,,,,"inventory, metadata and cited-path checks only"
functional/PROPERTY_TAX_CENTER_FRD.md,"Coverage, Risk & Financial Tools",Requirements (FRD/PRD),Property Tax Center — Functional Requirements Document,Implemented,,364,2026-07-28,2026-07-28,1,0,,,,"inventory, metadata and cited-path checks only"
functional/PROVIDER_PORTFOLIO_AVAILABILITY_FRD.md,"Providers, Pricing & Renovation Execution",Requirements (FRD/PRD),Provider Portfolio & Availability — Functional Requirements Document,"Phase 1 (backend CRUD) and Phase 2 (frontend wiring, items 1-3) implemented.** See",,301,2026-08-21,2026-08-21,14,0,,,,"inventory, metadata and cited-path checks only"
functional/PROVIDER_PROFILE_MANAGEMENT_FRD.md,"Providers, Pricing & Renovation Execution",Requirements (FRD/PRD),Provider Profile Management — Functional Requirements Document,,,122,2026-08-21,2026-08-21,10,0,,,,"inventory, metadata and cited-path checks only"
functional/PROVIDER_REVIEWS_FRD.md,"Providers, Pricing & Renovation Execution",Requirements (FRD/PRD),Provider Reviews — Functional Requirements Document,,,81,2026-08-21,2026-08-21,8,0,,,,"inventory, metadata and cited-path checks only"
functional/PROVIDER_TRUST_COMPLIANCE_FRD.md,"Providers, Pricing & Renovation Execution",Requirements (FRD/PRD),Provider Trust & Compliance Verification — Functional Requirements Document,,,568,2026-07-07,2026-07-07,19,1,,,,"inventory, metadata and cited-path checks only"
functional/RECALL_SAFETY_ALERTS.MD,"Property Intelligence, Environment & Event Radar",Feature reference,PRD: P2.2 – Recall & Safety Alerts,,,284,2026-01-07,2026-01-07,0,0,,,,"inventory, metadata and cited-path checks only"
functional/RISK_ASSESSMENT_COMPREHENSIVE_DOCS.md,"Coverage, Risk & Financial Tools",Audit / analysis,Risk Assessment Feature - Comprehensive Documentation,"✅ Core Implementation Complete, ⚠️ Minor Issues Pending",,1420,2026-01-03,2026-01-03,1,0,YELLOW,C12,"Jan 3 2026 one-off analysis; never updated. Cites pages that no longer exist ((dashboard)/checklist, /maintenance, /action-center, HomeBuyerDashboard). ""CORRECTED_"" implies an earlier wrong version that is not in the repo.",targeted cross-document and/or code-path review
functional/ROOMS_EXPERIENCE.md,"Home Records, Maintenance & Digital Twin",Feature reference,ROOMS_EXPERIENCE.md,"Implemented (v1), extensible",,430,2026-01-15,2026-07-23,0,0,,,,"inventory, metadata and cited-path checks only"
functional/SEASONAL_FEATURE_SESSION_PROMPT.md,"Home Records, Maintenance & Digital Twin",Status / phase record,CONTRACT TO COZY - SEASONAL MAINTENANCE FEATURE CONTEXT,,,668,2026-01-03,2026-01-03,20,2,RED,C11,"A session prompt, not a spec; untouched since Jan 3. Cites deleted checklistItem controller/component.",targeted cross-document and/or code-path review
functional/SEASONAL_MAINTENANCE_HANDOFF.md,"Home Records, Maintenance & Digital Twin",Status / phase record,Contract to Cozy - Seasonal Maintenance Feature Handoff Document,🟢 Canonical Home integration implemented; historical sections retained for subsystem reference,,1874,2026-01-03,2026-07-20,23,3,ORANGE,C11,"Body predates the deprecated ChecklistItem -> PropertyMaintenanceTask consolidation; 3 cited files deleted. Header notes ""canonical Home integration implemented; historic...""",targeted cross-document and/or code-path review
functional/SERVICE_CATEGORY_CONFIG_ANALYSIS.md,"Providers, Pricing & Renovation Execution",Feature reference,SERVICE_CATEGORY_CONFIG TABLE - COMPLETE IMPACT ANALYSIS,,,493,2026-01-03,2026-01-03,4,0,YELLOW,C12,"Jan 3 2026 one-off analysis; never updated. Cites pages that no longer exist ((dashboard)/checklist, /maintenance, /action-center, HomeBuyerDashboard). ""CORRECTED_"" implies an earlier wrong version that is not in the repo.",targeted cross-document and/or code-path review
functional/SERVICE_PRICE_RADAR.md,"Providers, Pricing & Renovation Execution",Feature reference,Service Quote Decision and Service Price Radar,Implemented,,414,2026-03-14,2026-07-28,14,0,,,,"inventory, metadata and cited-path checks only"
functional/SMART_HOME_INTEGRATION_HUB.md,"Home Records, Maintenance & Digital Twin",Feature reference,Smart Home Integration Hub,,,1129,2026-06-27,2026-09-24,33,28,RED,C2,Retired design draft; SMART_HOME_IOT_INTEGRATION_FRD.md explicitly supersedes its direct alert-to-Incident path. 28/33 cited code paths do not exist.,targeted cross-document and/or code-path review
functional/SMART_HOME_IOT_INTEGRATION_FRD.md,"Home Records, Maintenance & Digital Twin",Requirements (FRD/PRD),Smart Home / IoT Sensor Integration — Functional Requirements Document,,,781,2026-07-07,2026-07-07,27,18,ORANGE,C2,No status line; 18/27 cited code paths (smartHome routes/services) do not exist and no smart-home route/page found in code - appears unimplemented.,targeted cross-document and/or code-path review
functional/Testing_Property_Onboarding.md,Property Context & Property Setup,Feature reference,Testing_Property_Onboarding.md,,,44,2026-02-15,2026-02-22,0,0,ORANGE,C13,PROPERTY_SETUP_CURRENT_STATE_AUDIT (line ~599) states parts of this checklist are stale vs current code (redirect behaviour).,targeted cross-document and/or code-path review
functional/WORKER_JOBS.md,"Admin, Workers & Operations",Feature reference,Worker Jobs — Feature Documentation,,,416,2026-03-16,2026-09-09,11,0,,,,"inventory, metadata and cited-path checks only"
functional/dashboard-stats-data-flow.md,Data Architecture (Pass 1-7),Feature reference,Dashboard Statistics Cards - Data Flow Documentation,,,559,2026-01-04,2026-01-04,7,2,YELLOW,H,"Historical snapshot (last changed 2026-01-04, before the Jul 2026 launch-readiness work). Verify against code before use.",git-date heuristic only
functional/guidance-engine-gap-analysis.md,"Guidance, Actions & Home Intelligence",Audit / analysis,Guidance Engine — Gap Analysis,,,631,2026-03-29,2026-03-29,0,0,YELLOW,H,"Historical snapshot (last changed 2026-03-29, before the Jul 2026 launch-readiness work). Verify against code before use.",git-date heuristic only
functional/guidance-engine-implementation-plan.md,"Guidance, Actions & Home Intelligence",Plan,Guidance Engine — Phased Implementation Plan,,,616,2026-03-29,2026-03-29,0,0,YELLOW,H,"Historical snapshot (last changed 2026-03-29, before the Jul 2026 launch-readiness work). Verify against code before use.",git-date heuristic only
functional/mortgage-refinance-radar.md,"Coverage, Risk & Financial Tools",Feature reference,Mortgage Refinance Radar,Production in-product experience; external email and Web Push remain controlled-rollout only,,243,2026-03-16,2026-08-01,0,0,,,,"inventory, metadata and cited-path checks only"
gap-duplication-pass4.md,Data Architecture (Pass 1-7),Audit / analysis,PASS 4 - Gap and Duplication Analysis,,,152,2026-03-27,2026-03-27,0,0,YELLOW,H,"Historical snapshot (last changed 2026-03-27, before the Jul 2026 launch-readiness work). Verify against code before use.",git-date heuristic only
icon-audit.md,Pre-Launch Audits & Strategy (Mar-Apr 2026),Audit / analysis,Icon System Audit — Contract to Cozy,,,375,2026-03-09,2026-03-09,0,0,YELLOW,H,"Historical snapshot (last changed 2026-03-09, before the Jul 2026 launch-readiness work). Verify against code before use.",git-date heuristic only
operations/AI_HOME_CONCIERGE_ASK_OPERATIONS_AND_GOVERNANCE.md,"Ask Cozy, AI Concierge & Agentic Intelligence",Runbook / ops,AI Home Concierge — Ask Operations and Governance,repository implementation baseline,,267,2026-08-11,2026-08-13,3,0,,,,"inventory, metadata and cited-path checks only"
operations/AI_REQUEST_GOVERNANCE_RUNBOOK.md,"Ask Cozy, AI Concierge & Agentic Intelligence",Runbook / ops,AI request governance runbook,,,16,2026-08-25,2026-08-25,0,0,,,,"inventory, metadata and cited-path checks only"
operations/BACKUP_RESTORE.md,"Admin, Workers & Operations",Runbook / ops,Postgres Backup & Restore,mechanism built and verified locally on 2026-07-09. **Not yet deployed to,,200,2026-07-09,2026-07-09,0,0,,,,"inventory, metadata and cited-path checks only"
operations/HOME_EVENT_RADAR_TEST_FIXTURES.md,"Property Intelligence, Environment & Event Radar",Runbook / ops,Home Event Radar Test Fixtures,,,73,2026-07-26,2026-07-26,0,0,,,,"inventory, metadata and cited-path checks only"
operations/LONGHORN_POSTGRES_MIGRATION_REQUIREMENTS.md,"Admin, Workers & Operations",Runbook / ops,Postgres on Longhorn — Migration Requirements,"requirements only, drafted 2026-07-11. No manifests changed yet.",,211,2026-07-11,2026-07-11,1,0,,,,"inventory, metadata and cited-path checks only"
operations/MORTGAGE_REFINANCE_RADAR_ALERT_ROLLOUT_AND_INCIDENT_RUNBOOK.md,"Coverage, Risk & Financial Tools",Runbook / ops,Mortgage Refinance Radar alert rollout and incident runbook,,,134,2026-08-01,2026-08-01,0,0,,,,"inventory, metadata and cited-path checks only"
operations/MORTGAGE_REFINANCE_RADAR_MEASUREMENT_AND_OPTIMIZATION.md,"Coverage, Risk & Financial Tools",Runbook / ops,Mortgage Refinance Radar measurement and optimization,,,48,2026-08-01,2026-08-01,0,0,,,,"inventory, metadata and cited-path checks only"
operations/OWNERSHIP_COST_INTELLIGENCE_OPERATIONS_AND_GOVERNANCE.md,"Coverage, Risk & Financial Tools",Runbook / ops,Ownership Cost Intelligence Operations and Governance,Active runbook,,133,2026-07-28,2026-07-28,0,0,,,,"inventory, metadata and cited-path checks only"
operations/OWNERSHIP_COST_TARGET_BUILD_REVIEW_CHECKLIST.md,"Coverage, Risk & Financial Tools",Runbook / ops,Ownership Cost Intelligence Target-Build Review,,,85,2026-07-28,2026-07-28,0,0,,,,"inventory, metadata and cited-path checks only"
operations/PILOT_RAISE_READINESS_PLAN.md,Acquisition & Business,Runbook / ops,Pilot & Fundraise Readiness Plan,,,169,2026-07-07,2026-07-28,15,0,,,,"inventory, metadata and cited-path checks only"
operations/PROPERTY_TAX_CENTER_OPERATIONS_AND_GOVERNANCE.md,"Coverage, Risk & Financial Tools",Runbook / ops,Property Tax Center Operations and Governance,Active runbook,,209,2026-07-28,2026-07-28,4,0,,,,"inventory, metadata and cited-path checks only"
operations/RENTCAST_PROPERTY_ENRICHMENT_OPERATIONS.md,Property Context & Property Setup,Runbook / ops,RentCast Property Enrichment Operations,,,83,2026-09-09,2026-09-10,0,0,,,,"inventory, metadata and cited-path checks only"
operations/SAVINGS_BENEFITS_SOURCE_RUNBOOK.md,"Admin, Workers & Operations",Runbook / ops,Savings and Benefits Source Runbook,Active runbook,,188,2026-07-28,2026-07-29,3,0,,,,"inventory, metadata and cited-path checks only"
operations/SERVICE_PRICE_BENCHMARK_SOURCE_OPERATIONS_RUNBOOK.md,"Providers, Pricing & Renovation Execution",Runbook / ops,Service Price Benchmark Source Operations Runbook,,,212,2026-07-28,2026-07-28,0,0,,,,"inventory, metadata and cited-path checks only"
personalization/01-codebase-assessment.md,Personalization Engine,Audit / analysis,01 — Codebase Assessment,,,128,2026-07-13,2026-07-14,3,0,,,,"inventory, metadata and cited-path checks only"
personalization/02-current-state-architecture.md,Personalization Engine,Feature reference,02 — Current-State Architecture,,,152,2026-07-13,2026-07-13,0,0,,,,"inventory, metadata and cited-path checks only"
personalization/03-feasibility-study.md,Personalization Engine,Audit / analysis,03 — Feasibility Study,,,129,2026-07-13,2026-07-15,0,0,,,,"inventory, metadata and cited-path checks only"
personalization/04-target-architecture.md,Personalization Engine,Feature reference,04 — Current Target Architecture,,,138,2026-07-13,2026-07-15,0,0,YELLOW,C5,"Titled ""Current Target Architecture"" - README says larger target sections are long-term reference, not commitments.",targeted cross-document and/or code-path review
personalization/05-data-model.md,Personalization Engine,Feature reference,05 — Current Personalization Data Model,,,112,2026-07-13,2026-07-14,1,0,,,,"inventory, metadata and cited-path checks only"
personalization/06-api-design.md,Personalization Engine,Feature reference,06 — API Design,,,124,2026-07-13,2026-07-13,0,0,,,,"inventory, metadata and cited-path checks only"
personalization/07-frontend-experience.md,Personalization Engine,Feature reference,07 — Frontend Experience,,,107,2026-07-13,2026-07-13,0,0,,,,"inventory, metadata and cited-path checks only"
personalization/08-personalization-frd.md,Personalization Engine,Requirements (FRD/PRD),08 — Functional Requirements Document: Personalization Engine,Proposed; implementation not authorized by this document |,1.0,445,2026-07-13,2026-07-14,0,0,ORANGE,C5,"Status ""Proposed; implementation not authorized"" but modules/personalization exists in code and README says internal validation is live.",targeted cross-document and/or code-path review
personalization/09-implementation-roadmap.md,Personalization Engine,Plan,09 — Phased Implementation Roadmap,,,106,2026-07-13,2026-07-15,0,0,,,,"inventory, metadata and cited-path checks only"
personalization/10-testing-strategy.md,Personalization Engine,Feature reference,10 — Testing Strategy,,,109,2026-07-13,2026-07-15,0,0,,,,"inventory, metadata and cited-path checks only"
personalization/11-risks-and-open-questions.md,Personalization Engine,Feature reference,"11 — Risks, Guardrails, and Open Questions",,,77,2026-07-13,2026-07-13,0,0,,,,"inventory, metadata and cited-path checks only"
personalization/ContractToCozy-Personalization-Operations-Runbook.docx,Personalization Engine,Data / asset,ContractToCozy-Personalization-Operations-Runbook.docx,,,0,2026-07-14,2026-07-15,0,0,,,,"inventory, metadata and cited-path checks only"
personalization/README.md,Personalization Engine,Status / phase record,ContractToCozy Personalization Engine,Internal validation with default property personalization,,56,2026-07-13,2026-07-16,0,0,,,,"inventory, metadata and cited-path checks only"
personalization/adr-0001-personalization-module-foundation.md,Personalization Engine,ADR (decision),"ADR-0001: Personalization module foundation (Phase 0 ""first implementation step"")",Superseded as an implementation plan; retained as Phase 0 history**,,153,2026-07-13,2026-07-14,0,0,YELLOW,C5,Self-declared Superseded (retained as history). Do not implement from these.,targeted cross-document and/or code-path review
personalization/adr-0002-phase1-foundation-migration-steps-1-3.md,Personalization Engine,ADR (decision),ADR-0002: Phase 1 foundation — migration steps 1–3,Superseded by the greenfield strategy in `09-implementation-roadmap.md`**,,140,2026-07-13,2026-07-14,0,0,YELLOW,C5,Self-declared Superseded (retained as history). Do not implement from these.,targeted cross-document and/or code-path review
personalization/catalog-plan.md,Personalization Engine,Plan,Personalization catalog — Phase 0 content plan,"DRAFT / PLANNING ONLY**. This is the ""20–40 definition content plan""",,122,2026-07-13,2026-07-15,0,0,,,,"inventory, metadata and cited-path checks only"
personalization/codebase-evidence.md,Personalization Engine,Audit / analysis,Codebase Evidence Index,,,223,2026-07-13,2026-07-13,95,6,ORANGE,C19,"Six cited code paths are gone, including orchestration.routes.ts and ActionCenter.tsx; use as discovery-time evidence, not current architecture.",targeted cross-document and/or code-path review
personalization/personalization-operations.md,Personalization Engine,Feature reference,Personalization internal-validation operations,,,110,2026-07-14,2026-07-15,1,0,,,,"inventory, metadata and cited-path checks only"
personalization/personalization-usp-showcase-strategy.md,Personalization Engine,Feature reference,Personalization USP showcase and limited-user validation strategy,Recommended next product slice before full Phase 3 learning or,,295,2026-07-14,2026-07-15,0,0,,,,"inventory, metadata and cited-path checks only"
personalization/phase1-completion-audit.md,Personalization Engine,Audit / analysis,Phase 1 completion audit — default personalization,,,45,2026-07-13,2026-07-15,0,0,,,,"inventory, metadata and cited-path checks only"
personalization/phase2-5-demo-data-setup.md,Personalization Engine,Status / phase record,Phase 2.5 demo data setup through the UI,,,145,2026-07-14,2026-07-15,0,0,,,,"inventory, metadata and cited-path checks only"
personalization/phase2-implementation-audit.md,Personalization Engine,Audit / analysis,Phase 2 implementation audit — revised greenfield scope,,,60,2026-07-13,2026-08-21,0,0,,,,"inventory, metadata and cited-path checks only"
personalization/phase3-implementation-audit.md,Personalization Engine,Audit / analysis,Phase 3 implementation audit — initial greenfield slice,,,42,2026-07-13,2026-07-14,0,0,,,,"inventory, metadata and cited-path checks only"
personalization/phase4-implementation-audit.md,Personalization Engine,Audit / analysis,Phase 4 implementation audit — initial greenfield slice,,,48,2026-07-14,2026-07-14,0,0,,,,"inventory, metadata and cited-path checks only"
product/AI_HOME_CONCIERGE_ASK_AUDIENCE_CONTEXT_ADDENDUM_FRD.md,"Ask Cozy, AI Concierge & Agentic Intelligence",Requirements (FRD/PRD),AI Home Concierge Ask — Audience Context and Persona-Aware Guidance Addendum,Implemented and verified,1.0,1024,2026-08-14,2026-08-15,0,0,,,,"inventory, metadata and cited-path checks only"
product/AI_HOME_CONCIERGE_ASK_INTELLIGENCE_INCREMENTAL_FRD.md,"Ask Cozy, AI Concierge & Agentic Intelligence",Requirements (FRD/PRD),"AI Home Concierge — Intelligence, Personalization, and Proactive Concierge","""Proposed — production implementation and real-user collection blocked on P0 approval gates""",1.6,1511,2026-08-11,2026-08-29,1,0,ORANGE,C6,"Frontmatter version 1.3 / Aug 11, file touched Aug 29 (version likely not bumped); status ""Proposed""; amends Ask Redo v1.6, which itself says ""in progress"".",targeted cross-document and/or code-path review
product/AI_HOME_CONCIERGE_ASK_MANUAL_CERTIFICATION_ADDENDUM.md,"Ask Cozy, AI Concierge & Agentic Intelligence",Feature reference,AI Home Concierge Ask — Manual Certification Living Addendum,Living document,1.7,359,2026-08-15,2026-08-16,4,0,,,,"inventory, metadata and cited-path checks only"
product/AI_HOME_CONCIERGE_ASK_REDO_FRD.md,"Ask Cozy, AI Concierge & Agentic Intelligence",Requirements (FRD/PRD),AI Home Concierge — Ask Redo,"""Implementation in progress""",1.6,2261,2026-08-10,2026-08-16,2,0,ORANGE,C6,"Aug ""AI Home Concierge Ask"" family vs Sep ""Ask Cozy"" family: no doc states that one supersedes the other.",targeted cross-document and/or code-path review
product/AI_HOME_CONCIERGE_ASK_TRUST_ARCHITECTURE_ADDENDUM_FRD.md,"Ask Cozy, AI Concierge & Agentic Intelligence",Requirements (FRD/PRD),AI Home Concierge Ask — Natural-Language Trust Architecture Addendum,Implemented — TA0 through TA7 delivered; TA6 provides compatibility contracts while multilingual run,1.1,1383,2026-08-15,2026-08-15,0,0,,,,"inventory, metadata and cited-path checks only"
product/ASK_COZY_CROSS_DOMAIN_INTERACTION_ROLLOUT_FRD.md,"Ask Cozy, AI Concierge & Agentic Intelligence",Requirements (FRD/PRD),Ask Cozy — Cross-Domain Interaction Rollout FRD,Proposed follow-on requirements; implementation is not claimed,1.1,735,2026-09-16,2026-09-17,0,0,ORANGE,C6,"Status says ""implementation is not claimed"", yet seven architecture/ASK_COZY_PHASE*_VERIFICATION/REVERIFICATION docs (Sep 16-18) report Complete.",targeted cross-document and/or code-path review
product/ASK_COZY_INLINE_WORKSPACE_FRD.md,"Ask Cozy, AI Concierge & Agentic Intelligence",Requirements (FRD/PRD),Ask Cozy — Inline Workspace Product Requirements Document,Approved product direction; implementation is partial and tracked by requirement,1.62,1054,2026-09-17,2026-09-24,1,0,,,,"inventory, metadata and cited-path checks only"
product/ASK_COZY_INTERACTION_MODEL_UI_FRD.md,"Ask Cozy, AI Concierge & Agentic Intelligence",Requirements (FRD/PRD),Ask Cozy — Interaction Model & UI FRD,Maintenance interaction corrections implemented — see §29 for scope and verification. Later-domain r,1.2,661,2026-09-13,2026-09-17,8,0,,,,"inventory, metadata and cited-path checks only"
product/ASK_COZY_MESSAGE_FIRST_FRD.md,"Ask Cozy, AI Concierge & Agentic Intelligence",Requirements (FRD/PRD),"Ask Cozy — Message-First Functional Requirements Document (Stage 3, Part A)",,,567,2026-09-12,2026-09-14,7,0,,,,"inventory, metadata and cited-path checks only"
product/CAPABILITY_DISCOVERY_AND_RECOMMENDATION_IMPLEMENTATION_PLAN.md,Product Framework & Capability Platform,Plan,Capability Discovery and Recommendation Platform — Implementation Plan,"""Implementation in progress""",1.0,2516,2026-07-24,2026-07-25,1,0,,,,"inventory, metadata and cited-path checks only"
product/CAPABILITY_DISCOVERY_AND_RECOMMENDATION_PLATFORM_FRD.md,Product Framework & Capability Platform,Requirements (FRD/PRD),Capability Discovery and Recommendation Platform,Proposed |,1.0,1427,2026-07-24,2026-07-27,6,4,ORANGE,C8,"Status ""Proposed"" while its plan says ""Implementation in progress""; 4/6 cited paths under frontend/src/features/tools/ no longer exist.",targeted cross-document and/or code-path review
product/CAPABILITY_OUTCOME_AND_EXPERIENCE_AUDIT_FRAMEWORK.md,Product Framework & Capability Platform,Audit / analysis,Capability Outcome and Experience Audit Framework,Recommended operating framework |,1.0,1087,2026-07-27,2026-07-28,0,0,,,,"inventory, metadata and cited-path checks only"
product/CAPITAL_DECISION_PLANNING_CAPABILITY_AUDIT_AND_IMPLEMENTATION_PLAN.md,"Coverage, Risk & Financial Tools",Audit / analysis,Capital Decision Planning Capability Audit and Implementation Plan,Recommended implementation plan,,2621,2026-07-28,2026-07-28,0,0,ORANGE,C9,"Status ""Recommended implementation plan"" never advanced. Project memory says Home Continuity is fully on main (not re-verified in code here); sibling audits with the same header (Tax, Coverage, Ownership Cost) were updated to ""Implemented"".",targeted cross-document and/or code-path review
product/CONTRACTTOCOZY_SKILL_PLATFORM_FRD.md,"Ask Cozy, AI Concierge & Agentic Intelligence",Requirements (FRD/PRD),ContractToCozy Skill Platform,"""Implemented beta baseline""",1.6,1473,2026-08-13,2026-08-14,1,0,,,,"inventory, metadata and cited-path checks only"
product/COVERAGE_AND_PREMIUM_OPTIMIZATION_CAPABILITY_AUDIT_AND_IMPLEMENTATION_PLAN.md,"Coverage, Risk & Financial Tools",Audit / analysis,Coverage and Premium Optimization Capability Audit and Implementation Plan,Implementation complete; real-user launch remains gated,,2468,2026-07-27,2026-07-28,37,4,ORANGE,C21,Claims implementation complete but four cited code paths no longer exist. Outcome requirements may still govern; file-level implementation map is stale.,targeted cross-document and/or code-path review
product/COVERAGE_RELEASE_AND_SOURCE_OPERATIONS_RUNBOOK.md,"Coverage, Risk & Financial Tools",Runbook / ops,Coverage & Premium Review Release and Source Operations Runbook,,,281,2026-07-27,2026-07-27,0,0,,,,"inventory, metadata and cited-path checks only"
product/ContractToCozy_Product_Framework.docx,Product Framework & Capability Platform,Data / asset,ContractToCozy_Product_Framework.docx,,,0,2026-07-20,2026-07-20,0,0,,,,"inventory, metadata and cited-path checks only"
product/ContractToCozy_Product_Framework.md,Product Framework & Capability Platform,Status / phase record,ContractToCozy Product Framework,"""Product strategy and operating model""",1.0,838,2026-07-18,2026-07-27,0,0,,,,"inventory, metadata and cited-path checks only"
product/ContractToCozy_Product_Framework_Application_Audit_and_Implementation_Plan.md,Product Framework & Capability Platform,Audit / analysis,ContractToCozy Product Framework — Application Audit and Implementation Plan,"""Implementation planning baseline""",1.0,1263,2026-07-18,2026-07-24,21,2,,,,"inventory, metadata and cited-path checks only"
product/ContractToCozy_Product_Framework_Audit_Verification_Report.md,Product Framework & Capability Platform,Audit / analysis,ContractToCozy Product Framework — Audit Verification Report,"""Independent verification of self-reported implementation status""",,174,2026-07-23,2026-07-24,3,0,,,,"inventory, metadata and cited-path checks only"
product/ContractToCozy_W6_Smoke_Runbook.md,Product Framework & Capability Platform,Runbook / ops,ContractToCozy W6 — Smoke Validation Runbook,,,59,2026-07-22,2026-07-22,1,0,,,,"inventory, metadata and cited-path checks only"
product/ContractToCozy_W7_Launch_Cutover_Runbook.md,Product Framework & Capability Platform,Runbook / ops,ContractToCozy W7 — Real-User Launch Cutover Runbook,,,85,2026-07-22,2026-07-30,0,0,,,,"inventory, metadata and cited-path checks only"
product/ContractToCozy_Worker_Module_Audit_and_Implementation_Plan.md,Product Framework & Capability Platform,Audit / analysis,ContractToCozy Worker Module Audit and Implementation Plan,Dedicated audit complete; implementation plan proposed,,539,2026-07-19,2026-07-30,1,0,,,,"inventory, metadata and cited-path checks only"
product/HIDDEN_SAVINGS_AND_BENEFITS_CAPABILITY_AUDIT_AND_IMPLEMENTATION_PLAN.md,"Coverage, Risk & Financial Tools",Audit / analysis,Hidden Savings and Benefits Capability Audit and Implementation Plan,Recommended implementation plan,,2557,2026-07-28,2026-07-29,32,2,ORANGE,C9,"Status ""Recommended implementation plan"" never advanced. Project memory says Home Continuity is fully on main (not re-verified in code here); sibling audits with the same header (Tax, Coverage, Ownership Cost) were updated to ""Implemented"".",targeted cross-document and/or code-path review
product/HOME_ACTION_HEALTH_FACTOR_COPY_FRD.md,"Guidance, Actions & Home Intelligence",Requirements (FRD/PRD),Home Action Health-Factor Copy FRD and Implementation Plan,Phase 1 shipped (`4d6bdfee`) · Phase 2 shipped (`81efe900`) · §12 decision-card verbiage shipped (`1,1.6,877,2026-08-29,2026-09-02,8,1,,,,"inventory, metadata and cited-path checks only"
product/HOME_BUYER_FRD_AND_IMPLEMENTATION_PLAN.md,"Buying, Selling & Life Transitions",Requirements (FRD/PRD),Home Buyer Experience — Functional Requirements and Implementation Plan,Implementation in progress,1.48,4267,2026-08-16,2026-08-21,28,0,,,,"inventory, metadata and cited-path checks only"
product/HOME_CONTINUITY_AND_RECORDS_CAPABILITY_AUDIT_AND_IMPLEMENTATION_PLAN.md,"Buying, Selling & Life Transitions",Audit / analysis,Home Continuity and Records Capability Audit and Implementation Plan,Recommended implementation plan<br>,,1933,2026-08-01,2026-08-06,0,0,ORANGE,C9,"Status ""Recommended implementation plan"" never advanced. Project memory says Home Continuity is fully on main (not re-verified in code here); sibling audits with the same header (Tax, Coverage, Ownership Cost) were updated to ""Implemented"".",targeted cross-document and/or code-path review
product/HOME_DIGITAL_TWIN_CAPABILITY_AUDIT_AND_IMPLEMENTATION_PLAN.md,"Home Records, Maintenance & Digital Twin",Audit / analysis,Home Digital Twin Capability Audit and Implementation Plan,"P0–P2 gap register implemented July 28, 2026. Remaining future work is limited to the explicitly def",,1759,2026-07-27,2026-07-28,1,0,,,,"inventory, metadata and cited-path checks only"
product/HOME_INTELLIGENCE_FUNCTIONAL_COMPLETENESS_FRD_AND_IMPLEMENTATION_PLAN.md,"Guidance, Actions & Home Intelligence",Requirements (FRD/PRD),Home Intelligence Functional Completeness,"""Approved for implementation planning""",1.32,1461,2026-08-23,2026-08-30,28,3,,,,"inventory, metadata and cited-path checks only"
product/HOME_INTELLIGENCE_PHASE0_REGISTRY_REPORT.md,"Guidance, Actions & Home Intelligence",Status / phase record,Home Intelligence Phase 0 — Registry and Ownership Report,"""Phase 0 complete""",,166,2026-08-23,2026-08-25,17,0,,,,"inventory, metadata and cited-path checks only"
product/HOME_INTELLIGENCE_PHASE1_SOURCE_PARITY_STATUS.md,"Guidance, Actions & Home Intelligence",Status / phase record,Home Intelligence Phase 1 — Source Parity Status,"""Phase 1 functional implementation complete — source parity, Fix cutover, and booking lineage closed",,83,2026-08-23,2026-08-25,10,0,,,,"inventory, metadata and cited-path checks only"
product/HOME_OPERATIONS_AND_ACTION_MANAGEMENT_CAPABILITY_AUDIT_AND_IMPLEMENTATION_PLAN.md,"Guidance, Actions & Home Intelligence",Audit / analysis,Home Operations and Action Management Capability Audit and Implementation Plan,Recommended implementation plan<br>,,1582,2026-07-29,2026-07-29,34,1,ORANGE,C9,"Status ""Recommended implementation plan"" never advanced. Project memory says Home Continuity is fully on main (not re-verified in code here); sibling audits with the same header (Tax, Coverage, Ownership Cost) were updated to ""Implemented"".",targeted cross-document and/or code-path review
product/HOME_OPERATIONS_SLICE_0_8_LAUNCH_REVIEW.md,"Guidance, Actions & Home Intelligence",Audit / analysis,Home Operations & Action Management — Slice 0-8 Launch Review,,,40,2026-07-29,2026-07-30,0,0,,,,"inventory, metadata and cited-path checks only"
product/HOME_OPERATIONS_SLICE_0_COMPLETION_ENDPOINT_MATRIX.md,"Guidance, Actions & Home Intelligence",Status / phase record,Home Operations Slice 0 — Completion Endpoint Matrix,,,74,2026-07-29,2026-07-29,1,0,,,,"inventory, metadata and cited-path checks only"
product/MORTGAGE_REFINANCE_RADAR_CAPABILITY_AUDIT_AND_IMPLEMENTATION_PLAN.md,"Coverage, Risk & Financial Tools",Audit / analysis,Mortgage Refinance Radar Capability Audit and Implementation Plan,Implemented; controlled external-alert rollout gated |,,928,2026-07-27,2026-08-01,1,0,,,,"inventory, metadata and cited-path checks only"
product/OWNERSHIP_COST_INTELLIGENCE_CAPABILITY_AUDIT_AND_IMPLEMENTATION_PLAN.md,"Coverage, Risk & Financial Tools",Audit / analysis,Ownership Cost Intelligence Capability Audit and Implementation Plan,Technical implementation complete through Slice 9; real-user launch remains fail-closed pending reco,,2206,2026-07-28,2026-07-28,0,0,,,,"inventory, metadata and cited-path checks only"
product/OWNERSHIP_COST_SLICE_9_LAUNCH_EVIDENCE.md,"Coverage, Risk & Financial Tools",Audit / analysis,Ownership Cost Intelligence Slice 9 Launch Evidence,,,67,2026-07-28,2026-07-28,1,0,,,,"inventory, metadata and cited-path checks only"
product/PROPERTY_INTELLIGENCE_AND_BRIEFINGS_CAPABILITY_AUDIT_AND_IMPLEMENTATION_PLAN.md,"Property Intelligence, Environment & Event Radar",Audit / analysis,Property Intelligence and Briefings Capability Audit and Implementation Plan,Recommended implementation plan<br>,,1701,2026-07-29,2026-08-01,0,0,ORANGE,C9,"Status ""Recommended implementation plan"" never advanced. Project memory says Home Continuity is fully on main (not re-verified in code here); sibling audits with the same header (Tax, Coverage, Ownership Cost) were updated to ""Implemented"".",targeted cross-document and/or code-path review
product/PROPERTY_PAGE_BEST_IN_CLASS_ENHANCEMENT_PLAN.md,Property Context & Property Setup,Plan,Property Page Best-in-Class Enhancement Plan,Implemented in application code; progressive rollout and field validation remain operational follow-,,1384,2026-08-10,2026-08-10,9,0,,,,"inventory, metadata and cited-path checks only"
product/PROPERTY_SETUP_SIMPLIFICATION_MINIMAL_CHANGE_FRD.md,Property Context & Property Setup,Requirements (FRD/PRD),Property Setup Simplification — Minimal-Change FRD,In implementation,,563,2026-09-07,2026-09-09,1,0,,,,"inventory, metadata and cited-path checks only"
product/PROPERTY_TAX_AND_TAX_APPEAL_CAPABILITY_AUDIT_AND_IMPLEMENTATION_PLAN.md,"Coverage, Risk & Financial Tools",Audit / analysis,Property Tax and Tax Appeal Capability Audit and Implementation Plan,"Implemented — Slices 0–9 complete July 28, 2026",,1876,2026-07-27,2026-07-28,1,0,,,,"inventory, metadata and cited-path checks only"
product/RENOVATION_COMPLIANCE_AND_EXECUTION_CAPABILITY_AUDIT_AND_IMPLEMENTATION_PLAN.md,"Providers, Pricing & Renovation Execution",Audit / analysis,Renovation Compliance and Execution Capability Audit and Implementation Plan,Recommended implementation plan<br>,,1697,2026-07-29,2026-07-29,27,0,ORANGE,C9,"Status ""Recommended implementation plan"" never advanced. Project memory says Home Continuity is fully on main (not re-verified in code here); sibling audits with the same header (Tax, Coverage, Ownership Cost) were updated to ""Implemented"".",targeted cross-document and/or code-path review
product/RENTCAST_PROPERTY_SETUP_INTEGRATION_FRD.md,Property Context & Property Setup,Requirements (FRD/PRD),RentCast Property Setup Integration — Functional Requirements Document,Implemented,1.4,561,2026-09-09,2026-09-10,0,0,,,,"inventory, metadata and cited-path checks only"
product/RENTCAST_PROPERTY_SETUP_INTEGRATION_IMPLEMENTATION_PLAN.md,Property Context & Property Setup,Plan,RentCast Property Setup Integration — Implementation Plan,Implemented — RC-0 through RC-10 complete,1.4,640,2026-09-09,2026-09-10,28,0,,,,"inventory, metadata and cited-path checks only"
product/SALE_READINESS_VALUE_MAXIMIZATION_IMPLEMENTATION_PLAN.md,"Buying, Selling & Life Transitions",Plan,Sale Readiness Value-Maximization Checklist — Implementation Plan,Design fully resolved 2026-08-06 (all 10 open questions in §8 closed). Ready for implementation per ,,523,2026-08-06,2026-08-06,19,6,ORANGE,C16,"Status ""Design fully resolved"" (Aug 6) - project memory says it is fully implemented; 6/19 cited sellerPrep paths no longer exist.",targeted cross-document and/or code-path review
product/SERVICE_PRICE_RADAR_CAPABILITY_AUDIT_AND_IMPLEMENTATION_PLAN.md,"Providers, Pricing & Renovation Execution",Audit / analysis,Service Price Radar Capability Audit and Implementation Plan,Implemented; database reconciliation remains operator-owned,,1450,2026-07-27,2026-07-28,2,0,,,,"inventory, metadata and cited-path checks only"
product/UNIFIED_HOME_ACTION_CARD_ENHANCEMENT_BRIEF.md,"Guidance, Actions & Home Intelligence",Feature reference,Unified Home Action Card Enhancement Brief,Implemented. Retained as the product contract and acceptance reference.,,437,2026-08-09,2026-08-10,8,0,,,,"inventory, metadata and cited-path checks only"
product/capability-discovery/CAPABILITY_PLATFORM_RUNBOOK.md,Product Framework & Capability Platform,Runbook / ops,Capability Discovery and Recommendation Platform Runbook,,,856,2026-07-24,2026-07-25,0,0,,,,"inventory, metadata and cited-path checks only"
product/capability-discovery/SERVICE_QUOTE_DECISION_MANIFEST.md,"Providers, Pricing & Renovation Execution",Status / phase record,Service Quote Decision Capability Manifest,,,78,2026-07-28,2026-07-28,4,0,,,,"inventory, metadata and cited-path checks only"
product/capability-discovery/adr-0001-canonical-capability-registry.md,Product Framework & Capability Platform,ADR (decision),ADR-0001 — Canonical Capability Registry,,,90,2026-07-24,2026-07-24,0,0,,,,"inventory, metadata and cited-path checks only"
product/capability-discovery/current-capability-inventory.json,Product Framework & Capability Platform,Data / asset,current-capability-inventory.json,,,0,2026-07-24,2026-09-13,0,0,,,,"inventory, metadata and cited-path checks only"
product/capability-discovery/current-capability-inventory.md,Product Framework & Capability Platform,Status / phase record,Current Capability Inventory,,,85,2026-07-24,2026-08-25,1,0,,,,"inventory, metadata and cited-path checks only"
product/decision-platform/README.md,Product Framework & Capability Platform,Status / phase record,Decision Platform — Phase 7A (P0 Contract Closure),"These artifacts self-describe as ""Proposed — pending Product, Domain, Architecture,",,55,2026-08-11,2026-08-13,1,0,,,,"inventory, metadata and cited-path checks only"
product/decision-platform/adr-0001-ownership-and-scope.md,Product Framework & Capability Platform,ADR (decision),ADR-0001 — Decision Platform Ownership and Phase 7A Scope,,,131,2026-08-11,2026-08-13,3,0,,,,"inventory, metadata and cited-path checks only"
product/decision-platform/adr-0002-preference-registry-and-schema.md,Product Framework & Capability Platform,ADR (decision),ADR-0002 — Decision Preference Registry and Schema,,,125,2026-08-11,2026-08-13,3,0,,,,"inventory, metadata and cited-path checks only"
product/decision-platform/adr-0003-decision-thread-and-scenario-schema.md,Product Framework & Capability Platform,ADR (decision),"ADR-0003 — Decision Thread, Scenario, and Recommendation Snapshot Schema",,1.2,141,2026-08-11,2026-08-13,2,0,,,,"inventory, metadata and cited-path checks only"
product/decision-platform/metrics-dictionary.md,Product Framework & Capability Platform,Status / phase record,Decision Platform — Metrics Dictionary and Zero-Tolerance Gates,Proposed. Formalizes,,75,2026-08-11,2026-08-13,1,0,,,,"inventory, metadata and cited-path checks only"
product/decision-platform/policy-retention-erasure-export.md,Product Framework & Capability Platform,Status / phase record,"Decision Platform — Retention, Erasure, and Export Policy","Proposed — concrete durations below require Privacy, Security, and Domain approval",,83,2026-08-11,2026-08-13,1,0,,,,"inventory, metadata and cited-path checks only"
product/decision-platform/policy-threat-model-and-privacy-review.md,Product Framework & Capability Platform,Audit / analysis,Decision Platform — Threat Model and Privacy Review,Proposed. This document originates the threat-model/privacy-review artifact type for,,79,2026-08-11,2026-08-11,1,0,,,,"inventory, metadata and cited-path checks only"
product/governance-modes.md,Product Framework & Capability Platform,Status / phase record,Human policy governance modes,,,46,2026-07-19,2026-07-24,0,0,,,,"inventory, metadata and cited-path checks only"
product/mortgage-refinance-radar-enhancement-plan.docx,"Coverage, Risk & Financial Tools",Data / asset,mortgage-refinance-radar-enhancement-plan.docx,,,0,2026-07-25,2026-07-25,0,0,,,,"inventory, metadata and cited-path checks only"
product/mortgage-refinance-radar-enhancement-plan.md,"Coverage, Risk & Financial Tools",Plan,Mortgage Refinance Radar,Capability implementation and audit gap closure complete; controlled external-alert rollout remains ,,514,2026-07-25,2026-08-01,1,0,,,,"inventory, metadata and cited-path checks only"
product/phase0/README.md,Product Framework & Capability Platform,Status / phase record,Product Framework Phase 0 — Contract and Governance Foundation,Technical exit criteria complete; human policy approvals are explicitly deferred during internal bet,,168,2026-07-18,2026-07-19,9,0,,,,"inventory, metadata and cited-path checks only"
product/phase0/approval-register.md,Product Framework & Capability Platform,Status / phase record,Phase 0 Approval Register,,,34,2026-07-18,2026-07-19,0,0,,,,"inventory, metadata and cited-path checks only"
product/phase0/feature-brief-template.md,Product Framework & Capability Platform,Status / phase record,Product Framework Feature Brief,,,80,2026-07-18,2026-07-18,0,0,,,,"inventory, metadata and cited-path checks only"
product/phase0/recommendation-launch-gate.md,Product Framework & Capability Platform,Status / phase record,Recommendation Launch Gate,,,70,2026-07-18,2026-07-19,1,0,,,,"inventory, metadata and cited-path checks only"
product/phase0/route-disposition.md,Product Framework & Capability Platform,Status / phase record,Phase 0 Route Disposition,,,45,2026-07-18,2026-07-18,1,0,,,,"inventory, metadata and cited-path checks only"
product/phase1/README.md,Product Framework & Capability Platform,Status / phase record,Product Framework Phase 1 — Trigger-First Activation,Code implementation complete; human launch approvals deferred during internal beta and enforced befo,,60,2026-07-18,2026-07-19,1,0,,,,"inventory, metadata and cited-path checks only"
product/phase2/README.md,Product Framework & Capability Platform,Status / phase record,Product Framework Phase 2 — Unified Home and Action System,"Increments 1–3, post-cutover hardening, and August 10 Unified Home production polish implemented",,464,2026-07-18,2026-08-31,1,0,,,,"inventory, metadata and cited-path checks only"
product/phase3/README.md,Product Framework & Capability Platform,Status / phase record,Product Framework Phase 3 — Complete Major Repair / System Replacement,Increments 1–3 and the operational acceptance harness are implemented; target-environment execution ,,101,2026-07-18,2026-07-19,0,0,,,,"inventory, metadata and cited-path checks only"
product/phase4/README.md,Product Framework & Capability Platform,Status / phase record,"Product Framework Phase 4 — Trust, Cadence, Grounded Ask, and Recurring Care",Implementation-complete through Increment 8; owner-applied database acceptance and pilot validation ,,157,2026-07-18,2026-07-20,0,0,,,,"inventory, metadata and cited-path checks only"
product/phase5/README.md,Product Framework & Capability Platform,Status / phase record,Phase 5 — Existing-home buyer acquisition journey,implemented in code; the updated Prisma schema must be applied by the operator. No database migratio,,64,2026-07-19,2026-07-19,1,0,,,,"inventory, metadata and cited-path checks only"
product/phase6/README.md,Product Framework & Capability Platform,Status / phase record,Phase 6 — Specialized new-home path and controlled expansion,implemented in code; the updated Prisma schema must be applied by the operator. No database migratio,,97,2026-07-19,2026-07-19,1,0,,,,"inventory, metadata and cited-path checks only"
property-context/PHASE0_CONSOLIDATION_DECISION.md,Property Context & Property Setup,Status / phase record,Phase 0 Consolidation Decision,,,38,2026-07-17,2026-07-17,0,0,,,,"inventory, metadata and cited-path checks only"
property-context/PHASE3_COMPLETION_AUDIT.md,Property Context & Property Setup,Audit / analysis,Property Context Phase 3 Completion Audit,,,35,2026-07-16,2026-07-16,0,0,,,,"inventory, metadata and cited-path checks only"
property-context/PHASE6_COMPLETION_AUDIT.md,Property Context & Property Setup,Audit / analysis,Property Context Phase 6 Completion Audit,,,220,2026-07-17,2026-07-17,0,0,,,,"inventory, metadata and cited-path checks only"
property-context/PHASE7_IMPLEMENTATION_STATUS.md,Property Context & Property Setup,Status / phase record,Property Context Phase 7 Implementation Status,,,72,2026-07-17,2026-07-17,0,0,,,,"inventory, metadata and cited-path checks only"
property-context/PHASE8_DEFERRED_EVIDENCE.md,Property Context & Property Setup,Audit / analysis,Phase 8 Deferred Facts and Features,,,23,2026-07-17,2026-07-17,0,0,,,,"inventory, metadata and cited-path checks only"
property-context/PHASE8_IMPLEMENTATION_STATUS.md,Property Context & Property Setup,Status / phase record,Property Context Phase 8 Implementation Status,,,174,2026-07-17,2026-07-17,0,0,,,,"inventory, metadata and cited-path checks only"
property-context/PHASE8_OWNERSHIP_AUDIT.md,Property Context & Property Setup,Audit / analysis,"Phase 8 Financial, Item, and Snapshot Ownership Audit",,,62,2026-07-17,2026-07-17,0,0,,,,"inventory, metadata and cited-path checks only"
property-context/PHASE8_RUNTIME_ACCEPTANCE_RUNBOOK.md,Property Context & Property Setup,Runbook / ops,Property Context Phase 8 Runtime Acceptance Runbook,,,83,2026-07-17,2026-07-17,0,0,,,,"inventory, metadata and cited-path checks only"
property-context/PROPERTY_CONTEXT_CATALOG_GOVERNANCE_FRD.md,Property Context & Property Setup,Requirements (FRD/PRD),"Property Context Platform — Catalog, Operational Configuration, and Editorial Governance FRD",Proposed,1.0,985,2026-07-17,2026-07-17,17,0,ORANGE,C7,"Status ""Proposed"" but ~27 sibling docs in this folder record phases 0-8 / JIT slices 0-5 as implemented.",targeted cross-document and/or code-path review
property-context/PROPERTY_CONTEXT_FRD.md,Property Context & Property Setup,Requirements (FRD/PRD),Property Context Platform — Functional Requirements Document,Proposed greenfield implementation,1.0,1539,2026-07-16,2026-08-30,13,0,ORANGE,C7,"Status ""Proposed"" but ~27 sibling docs in this folder record phases 0-8 / JIT slices 0-5 as implemented.",targeted cross-document and/or code-path review
property-context/PROPERTY_CONTEXT_JIT_SLICE_0_INVENTORY.md,Property Context & Property Setup,Status / phase record,Property Context Just-in-Time Capture — Slice 0 Inventory and Contract Lock,,,113,2026-07-17,2026-07-17,0,0,,,,"inventory, metadata and cited-path checks only"
property-context/PROPERTY_CONTEXT_JIT_SLICE_2_IMPLEMENTATION.md,Property Context & Property Setup,Status / phase record,Property Context Just-in-Time Capture — Slice 2 Implementation,,,49,2026-07-17,2026-07-17,0,0,,,,"inventory, metadata and cited-path checks only"
property-context/PROPERTY_CONTEXT_JIT_SLICE_3_IMPLEMENTATION.md,Property Context & Property Setup,Status / phase record,Property Context JIT — Slice 3 inventory and initial implementation,,,71,2026-07-17,2026-07-17,0,0,,,,"inventory, metadata and cited-path checks only"
property-context/PROPERTY_CONTEXT_JIT_SLICE_4_CAPITAL_TIMELINE_IMPLEMENTATION.md,Property Context & Property Setup,Status / phase record,Property Context JIT — Slice 4 Capital Timeline adoption,,,30,2026-07-17,2026-07-17,0,0,,,,"inventory, metadata and cited-path checks only"
property-context/PROPERTY_CONTEXT_JIT_SLICE_4_CLAIMS_IMPLEMENTATION.md,Property Context & Property Setup,Status / phase record,Property Context JIT — Slice 4 claims and warranties adoption,,,44,2026-07-17,2026-07-17,0,0,,,,"inventory, metadata and cited-path checks only"
property-context/PROPERTY_CONTEXT_JIT_SLICE_4_COMPLETION.md,Property Context & Property Setup,Status / phase record,Property Context JIT — Slice 4 completion audit,,,31,2026-07-17,2026-07-17,0,0,,,,"inventory, metadata and cited-path checks only"
property-context/PROPERTY_CONTEXT_JIT_SLICE_4_HOA_IMPLEMENTATION.md,Property Context & Property Setup,Status / phase record,Property Context JIT — Slice 4 HOA approval adoption,,,29,2026-07-17,2026-07-17,0,0,,,,"inventory, metadata and cited-path checks only"
property-context/PROPERTY_CONTEXT_JIT_SLICE_4_IMPLEMENTATION.md,Property Context & Property Setup,Status / phase record,"Property Context JIT — Slice 4 feature adoption, tranche 1",,,35,2026-07-17,2026-07-17,0,0,,,,"inventory, metadata and cited-path checks only"
property-context/PROPERTY_CONTEXT_JIT_SLICE_4_INSPECTION_SELLER_PREP_IMPLEMENTATION.md,Property Context & Property Setup,Status / phase record,Property Context JIT — Slice 4 inspection audit and Seller Prep adoption,,,35,2026-07-17,2026-07-17,0,0,,,,"inventory, metadata and cited-path checks only"
property-context/PROPERTY_CONTEXT_JIT_SLICE_4_PERMITS_IMPLEMENTATION.md,Property Context & Property Setup,Status / phase record,Property Context JIT — Slice 4 permit creation adoption,,,27,2026-07-17,2026-07-17,0,0,,,,"inventory, metadata and cited-path checks only"
property-context/PROPERTY_CONTEXT_JIT_SLICE_4_PLANNING_IMPLEMENTATION.md,Property Context & Property Setup,Status / phase record,Property Context JIT — Slice 4 planning adoption,,,27,2026-07-17,2026-07-17,0,0,,,,"inventory, metadata and cited-path checks only"
property-context/PROPERTY_CONTEXT_JIT_SLICE_4_PROJECTS_IMPLEMENTATION.md,Property Context & Property Setup,Status / phase record,Property Context JIT — Slice 4 project creation adoption,,,44,2026-07-17,2026-07-17,0,0,,,,"inventory, metadata and cited-path checks only"
property-context/PROPERTY_CONTEXT_JIT_SLICE_4_REPAIR_REPLACE_IMPLEMENTATION.md,Property Context & Property Setup,Status / phase record,Property Context JIT — Slice 4 Repair vs. Replace adoption,,,27,2026-07-17,2026-07-17,0,0,,,,"inventory, metadata and cited-path checks only"
property-context/PROPERTY_CONTEXT_JIT_SLICE_4_RESERVE_FUND_IMPLEMENTATION.md,Property Context & Property Setup,Status / phase record,Property Context JIT — Slice 4 Reserve Fund adoption,,,37,2026-07-17,2026-07-17,0,0,,,,"inventory, metadata and cited-path checks only"
property-context/PROPERTY_CONTEXT_JIT_SLICE_5_COMPLETION.md,Property Context & Property Setup,Status / phase record,Property Context JIT — Slice 5 completion,,,40,2026-07-18,2026-07-18,0,0,,,,"inventory, metadata and cited-path checks only"
property-context/PROPERTY_CONTEXT_JIT_SLICE_5_IMPLEMENTATION.md,Property Context & Property Setup,Status / phase record,"Property Context JIT — Slice 5 hardening, tranche 1",,,53,2026-07-18,2026-07-18,0,0,,,,"inventory, metadata and cited-path checks only"
property-context/PROPERTY_CONTEXT_JIT_SLICE_5_TRANCHE_2.md,Property Context & Property Setup,Status / phase record,"Property Context JIT — Slice 5 hardening, tranche 2",,,38,2026-07-18,2026-07-18,0,0,,,,"inventory, metadata and cited-path checks only"
property-context/PROPERTY_CONTEXT_JUST_IN_TIME_CAPTURE_FRD.md,Property Context & Property Setup,Requirements (FRD/PRD),Property Context Platform — Just-in-Time Inline Context Capture FRD,Proposed for implementation,1.0,1282,2026-07-17,2026-07-23,3,0,,,,"inventory, metadata and cited-path checks only"
property-context/PROPERTY_INTELLIGENCE_PHASE1_RECOMMENDATION.md,"Property Intelligence, Environment & Event Radar",Status / phase record,Property Intelligence — Phase 1 Recommendation (Free Public Sources),Recommendation — not yet approved for implementation,2.0,250,2026-07-26,2026-07-26,0,0,ORANGE,C7,"""Not yet approved"" (Jul 26) but functional/PROPERTY_INTELLIGENCE_*, NYC_ZAP and PROPERTY_BRIEF (Jul 30-31) look like its follow-through.",targeted cross-document and/or code-path review
property-context/phase8-archetypes.example.json,Property Context & Property Setup,Data / asset,phase8-archetypes.example.json,,,0,2026-07-17,2026-07-17,0,0,,,,"inventory, metadata and cited-path checks only"
schema-intelligence-pass1.md,Data Architecture (Pass 1-7),Feature reference,PASS 1 — Schema Intelligence Extraction,,,297,2026-03-27,2026-03-27,2,1,YELLOW,H,"Historical snapshot (last changed 2026-03-27, before the Jul 2026 launch-readiness work). Verify against code before use.",git-date heuristic only
wiki/00-introduction.md,Code-Grounded Wiki (existing docs/wiki),Feature reference,Introduction,,,106,2026-08-22,2026-09-22,2,0,YELLOW,W,"2026 code snapshot. Home Actions/Resolution Center and Emergency entry paths were rechecked 2026-09-22; other claims need current route, service, and render-path verification before implementation.",wiki snapshot; selected paths rechecked
wiki/01-getting-started.md,Code-Grounded Wiki (existing docs/wiki),Feature reference,Getting Started,,,126,2026-08-22,2026-08-22,2,0,YELLOW,W,"2026 code snapshot. Home Actions/Resolution Center and Emergency entry paths were rechecked 2026-09-22; other claims need current route, service, and render-path verification before implementation.",wiki snapshot; selected paths rechecked
wiki/02-architecture-and-data-model.md,Code-Grounded Wiki (existing docs/wiki),Feature reference,Architecture & Data Model,,,169,2026-08-22,2026-08-22,5,0,YELLOW,W,"2026 code snapshot. Home Actions/Resolution Center and Emergency entry paths were rechecked 2026-09-22; other claims need current route, service, and render-path verification before implementation.",wiki snapshot; selected paths rechecked
wiki/README.md,Code-Grounded Wiki (existing docs/wiki),Status / phase record,Contract to Cozy — Wiki,,,51,2026-08-22,2026-09-22,1,0,YELLOW,W,"2026 code snapshot. Home Actions/Resolution Center and Emergency entry paths were rechecked 2026-09-22; other claims need current route, service, and render-path verification before implementation.",wiki snapshot; selected paths rechecked
wiki/features/01-onboarding-and-property-setup.md,Code-Grounded Wiki (existing docs/wiki),Feature reference,"Onboarding, Auth & Property Setup",,,114,2026-08-22,2026-09-09,0,0,YELLOW,W,"2026 code snapshot. Home Actions/Resolution Center and Emergency entry paths were rechecked 2026-09-22; other claims need current route, service, and render-path verification before implementation.",wiki snapshot; selected paths rechecked
wiki/features/02-home-health-inventory-and-maintenance.md,Code-Grounded Wiki (existing docs/wiki),Status / phase record,"Home Health, Inventory & Maintenance",,,109,2026-08-22,2026-09-09,9,0,YELLOW,W,"2026 code snapshot. Home Actions/Resolution Center and Emergency entry paths were rechecked 2026-09-22; other claims need current route, service, and render-path verification before implementation.",wiki snapshot; selected paths rechecked
wiki/features/03-guidance-ai-concierge-and-personalization.md,Code-Grounded Wiki (existing docs/wiki),Feature reference,"Guidance, AI Concierge & Personalization",,,107,2026-08-22,2026-09-22,37,0,YELLOW,W,"2026 code snapshot. Home Actions/Resolution Center and Emergency entry paths were rechecked 2026-09-22; other claims need current route, service, and render-path verification before implementation.",wiki snapshot; selected paths rechecked
wiki/features/04-coverage-risk-and-financial-tools.md,Code-Grounded Wiki (existing docs/wiki),Feature reference,"Coverage, Risk & Financial Tools",,,131,2026-08-22,2026-08-22,5,0,YELLOW,W,"2026 code snapshot. Home Actions/Resolution Center and Emergency entry paths were rechecked 2026-09-22; other claims need current route, service, and render-path verification before implementation.",wiki snapshot; selected paths rechecked
wiki/features/05-marketplace-providers-and-services.md,Code-Grounded Wiki (existing docs/wiki),Feature reference,"Execution, Providers & Services",,,113,2026-08-22,2026-08-22,0,0,YELLOW,W,"2026 code snapshot. Home Actions/Resolution Center and Emergency entry paths were rechecked 2026-09-22; other claims need current route, service, and render-path verification before implementation.",wiki snapshot; selected paths rechecked
wiki/features/06-home-events-environment-and-community.md,Code-Grounded Wiki (existing docs/wiki),Feature reference,"Home Events, Environment & Community",,,138,2026-08-22,2026-09-22,30,0,YELLOW,W,"2026 code snapshot. Home Actions/Resolution Center and Emergency entry paths were rechecked 2026-09-22; other claims need current route, service, and render-path verification before implementation.",wiki snapshot; selected paths rechecked
wiki/features/07-sale-buyer-and-life-transitions.md,Code-Grounded Wiki (existing docs/wiki),Feature reference,"Sale, Buyer & Life Transitions",,,98,2026-08-22,2026-08-22,25,0,YELLOW,W,"2026 code snapshot. Home Actions/Resolution Center and Emergency entry paths were rechecked 2026-09-22; other claims need current route, service, and render-path verification before implementation.",wiki snapshot; selected paths rechecked
wiki/features/08-admin-analytics-and-platform-operations.md,Code-Grounded Wiki (existing docs/wiki),Feature reference,"Admin, Analytics & Platform Operations",,,194,2026-08-22,2026-08-22,25,0,YELLOW,W,"2026 code snapshot. Home Actions/Resolution Center and Emergency entry paths were rechecked 2026-09-22; other claims need current route, service, and render-path verification before implementation.",wiki snapshot; selected paths rechecked
